time_s,measured_pressure_mmHg,simulated_pressure_mmHg,simulated_flow_ml_s
0.0,41.91955243186736,43.894022350558764,8.072740000000001
0.0010000000000000009,41.87103547890286,43.88449711242781,8.061119999999999
0.0020000000000000018,41.861050501988075,43.87054676366909,8.03923
0.0030000000000000027,41.85234169050674,43.85164629115727,8.00593
0.0040000000000000036,41.82912565095794,43.82749568739219,7.96026
0.0050000000000000044,41.778388323973516,43.79771994299857,7.90144
0.006000000000000005,41.725832789491236,43.76209405235131,7.828899999999999
0.007000000000000006,41.69192155851673,43.72054301357534,7.742349999999999
0.008000000000000007,41.66552452280638,43.672991824795616,7.6416699999999995
0.009000000000000008,41.62844658690325,43.61959048976224,7.52706
0.010000000000000009,41.583208838131824,43.56041401035025,7.39893
0.01100000000000001,41.550060450078384,43.4958373959349,7.25794
0.01200000000000001,41.518196866541444,43.426310657766436,7.10498
0.013000000000000012,41.471266103524904,43.35220880522012,6.9411499999999995
0.014000000000000012,41.43409567243429,43.27405685142128,6.767733000000001
0.015000000000000013,41.39795552630607,43.192604815120376,6.586170999999999
0.016000000000000014,41.37965090406731,43.108377709442735,6.39801
0.017000000000000015,41.361239555015146,43.02220055501387,6.20489
0.018000000000000016,41.314487800143866,42.93482337058426,6.0085
0.019000000000000017,41.28138793944726,42.846846171154276,5.81055
0.020000000000000018,41.28,42.75901897547438,5.61271
0.02100000000000002,41.28,42.67209180229506,5.41658
0.02200000000000002,41.269322218792034,42.58666466661666,5.22368
0.02300000000000002,41.243736646225095,42.50333758343958,5.03541
0.02400000000000002,41.20674535417825,42.4225605640141,4.8529800000000005
0.025000000000000022,41.185178388134865,42.34493362334058,4.677459999999999
0.026000000000000023,41.170279126926346,42.270681767044174,4.509709999999999
0.027000000000000024,41.13953054578897,42.20010500262506,4.35039
0.028000000000000025,41.11444537098913,42.13335333383334,4.19992
0.029000000000000026,41.09057535678462,42.07050176254406,4.058649999999999
0.030000000000000027,41.05,42.01155028875721,3.926589999999999
0.031000000000000028,41.049792816126356,41.95649891247281,3.8035099999999997
0.03200000000000003,41.04,41.90504762619065,3.6891599999999998
0.03300000000000003,41.04,41.8571214280357,3.5832100000000007
0.03400000000000003,41.04,41.812345308632715,3.4849799999999993
0.03500000000000003,41.002840323346724,41.77049426235656,3.393900000000001
0.03600000000000003,41.008708142457465,41.73126828170704,3.3093600000000007
0.03700000000000003,41.01,41.69429235730893,3.2305599999999997
0.038000000000000034,41.01,41.65941648541213,3.156860000000001
0.039000000000000035,41.01417603987439,41.62619065476637,3.087810000000001
0.040000000000000036,41.03795702734959,41.594539863496585,3.0227800000000005
0.041000000000000036,41.04553542803447,41.564314107852695,2.9613899999999993
0.04200000000000004,41.059645205589774,41.53528838220955,2.9034899999999997
0.04300000000000004,41.104457653454546,41.50761269031725,2.84901
0.04400000000000004,41.1124439402888,41.48121203030075,2.7979299999999996
0.04500000000000004,41.126903659278135,41.456311407785186,2.750679999999999
0.04600000000000004,41.16,41.43306082652066,2.70756
0.04700000000000004,41.16052434207667,41.41183529588239,2.66925
0.04800000000000004,41.19068948176402,41.39293482337058,2.636669999999999
0.049000000000000044,41.20908447046923,41.3768094202355,2.6105899999999993
0.050000000000000044,41.2555092899482,41.36383409585239,2.5922099999999992
0.051000000000000045,41.29529692159123,41.35468386709667,2.5824499999999992
0.052000000000000046,41.31533106749229,41.34973374334358,2.5825200000000006
0.05300000000000005,41.34339746064519,41.34950873771844,2.5937500000000004
0.05400000000000005,41.3559653901896,41.35460886522163,2.617269999999999
0.05500000000000005,41.388250078465695,41.365409135228376,2.6540700000000004
0.05600000000000005,41.42684057995982,41.38243456086402,2.70526
0.05700000000000005,41.45322486839886,41.405985149628734,2.771719999999999
0.05800000000000005,41.4705323713309,41.436360909022724,2.8540800000000006
0.05900000000000005,41.51793114737112,41.47386184654616,2.9531000000000005
0.06000000000000005,41.54513738686618,41.51848796219905,3.06897
0.061000000000000054,41.62145764171758,41.57038925973149,3.2017599999999993
0.062000000000000055,41.7161124211298,41.62934073351833,3.351489999999999
0.06300000000000006,41.79276360081238,41.69526738168454,3.517810000000001
0.06400000000000006,41.894100176713195,41.76786919672991,3.7000699999999997
0.06500000000000006,41.99015274493324,41.84669616740418,3.8975300000000006
0.06600000000000006,42.0755052184447,41.93144828620715,4.109209999999999
0.06700000000000006,42.184843829781784,42.0214505362634,4.333979999999999
0.06800000000000006,42.31810508146311,42.11625290632265,4.57061
0.06900000000000006,42.453629720412856,42.21525538138453,4.817739999999999
0.07000000000000006,42.60419518260328,42.31778294457361,5.073999999999999
0.07100000000000006,42.75574016428887,42.42338558463962,5.338050000000001
0.07200000000000006,42.9247991751421,42.53138828470711,5.60856
0.07300000000000006,43.09324893539105,42.64141603540088,5.884383
0.07400000000000007,43.29938310499045,42.75301882547063,6.1645
0.07500000000000007,43.485910237311266,42.865896647416186,6.448107
0.07600000000000007,43.6913769270866,42.979824495612384,6.7346900000000005
0.07700000000000007,43.86956378965649,43.09480237005925,7.024000000000001
0.07800000000000007,44.08936854897836,43.21090527263181,7.31615
0.07900000000000007,44.317873298014774,43.328283207080176,7.61156
0.08000000000000007,44.54459897788092,43.44738618465461,7.911029999999999
0.08100000000000007,44.7964956023319,43.568814220355506,8.215760000000001
0.08200000000000007,45.07855114959014,43.693167329183225,8.527239999999999
0.08300000000000007,45.36532010635966,43.82119552988824,8.84736
0.08400000000000007,45.64904257854929,43.954023850596265,9.17828
0.08500000000000008,45.952631526665414,44.092552313807836,9.522480000000002
0.08600000000000008,46.27216916769682,44.238055951398785,9.88261
0.08700000000000008,46.6017858462111,44.391584789619735,10.261569999999999
0.08800000000000008,46.96708287825716,44.5545638640966,10.662355
0.08900000000000008,47.31231993587408,44.72811820295507,11.087990000000001
0.09000000000000008,47.65724712069552,44.913522838070946,11.541627
0.09100000000000008,48.01113611597529,45.11212780319508,12.02611
0.09200000000000008,48.36397562235794,45.324908122703064,12.544400000000001
0.09300000000000008,48.739524484242786,45.55291382284557,13.099049999999998
0.09400000000000008,49.13051866759318,45.79719492987324,13.69241
0.09500000000000008,49.518005485217756,46.05835145878647,14.32668
0.09600000000000009,49.89466554796938,46.33705842646066,15.00328
0.09700000000000009,50.269102284065106,46.63369084227105,15.723669999999998
0.09800000000000009,50.66913962013564,46.948473711842794,16.4883
0.09900000000000009,51.10049384338815,47.281332033300835,17.297510000000003
0.10000000000000009,51.515590765632126,47.632115802895065,18.151000000000003
0.10100000000000009,51.91924404599511,48.000300007500186,19.047900000000002
0.10200000000000009,52.34981336984944,48.3852846321158,19.986700000000003
0.10299999999999998,52.7692219750111,48.7862446561164,20.965500000000002
0.10399999999999998,53.169850120023135,49.20205505137628,21.9821
0.10499999999999998,53.597861748888185,49.63151578789469,23.033299999999997
0.10599999999999998,54.03656754284929,50.07342683567089,24.115899999999996
0.10699999999999998,54.46681462138392,50.52613815345383,25.2262
0.10799999999999998,54.9039791385375,50.988299707492686,26.360299999999995
0.10899999999999999,55.33802557432161,51.45818645466136,27.514000000000003
0.10999999999999999,55.75411975653822,51.93422335558389,28.683
0.11099999999999999,56.17421290790747,52.41468536713417,29.8629
0.11199999999999999,56.60129962120263,52.89807245181129,31.049300000000002
0.11299999999999999,57.0165250297744,53.38273456836421,32.23800000000001
0.11399999999999999,57.43223003870087,53.86709667741693,33.424800000000005
0.11499999999999999,57.85937908211766,54.34988374709367,34.6058
0.11599999999999999,58.26900918510827,54.82967074176854,35.777499999999996
0.11699999999999999,58.67846326241238,55.30525763144078,36.93639999999999
0.118,59.0697939299963,55.77566939173479,38.07970000000001
0.119,59.461294526913115,56.23993099827495,39.20490000000001
0.12,59.881364754936456,56.69714242856071,40.3097
0.121,60.28634411350327,57.146778669466734,41.3924
0.122,60.66356211178099,57.58823970599264,42.451800000000006
0.123,61.037059820481566,58.02107552688817,43.486799999999995
0.124,61.40540345178412,58.44506112652815,44.4969
0.125,61.75482272669508,58.86012150303757,45.4818
0.126,62.121319927655954,59.26603165079126,46.441599999999994
0.127,62.48930786575216,59.66294157353933,47.3767
0.128,62.835378465192626,60.050926273156826,48.287200000000006
0.129,63.192464760826475,60.43013575339383,49.17500000000001
0.13,63.53786440464124,60.80087002175054,50.03960000000001
0.131,63.839792842246545,61.16327908197704,50.8824
0.132,64.13106948073722,61.51773794344858,51.704699999999995
0.133,64.4695182290646,61.86454661366533,52.508100000000006
0.134,64.82525751203846,62.20393009825245,53.2911
0.135,65.14412897863215,62.53626340658515,54.0581
0.136,65.45527478125295,62.861846546163655,54.8069
0.137,65.73181858034258,63.18082952073801,55.540299999999995
0.138,65.99296953778463,63.49351233780844,56.25769999999999
0.139,66.26707756623152,63.80012000300007,56.959999999999994
0.14,66.54872970325508,64.10072751818794,57.64770000000001
0.14100000000000001,66.82571261885907,64.39548488712218,58.32080000000001
0.14200000000000002,67.0835593114484,64.68446711167778,58.979400000000005
0.14300000000000002,67.32266986743805,64.96774919372983,59.6248
0.14400000000000013,67.54442631740733,65.24533113327833,60.2543
0.14500000000000002,67.73740121179293,65.5172879321983,60.870400000000004
0.14600000000000013,67.93585122397452,65.78361959048976,61.472100000000005
0.14700000000000002,68.15182318884285,66.0443261081527,62.05839999999999
0.14800000000000013,68.36612625834226,66.29925748143704,62.63059999999999
0.14900000000000002,68.56158746141904,66.5486387159679,63.187999999999995
0.15000000000000013,68.77709258919474,66.79224480612015,63.73029999999999
0.15100000000000002,68.96491315378931,67.03030075751893,64.25760000000001
0.15200000000000014,69.16862679330139,67.26265656641415,64.7697
0.15300000000000002,69.36391262286041,67.48946223655591,65.26689999999999
0.15400000000000014,69.51619636359443,67.71079276981924,65.7499
0.15500000000000003,69.65667097586352,67.92664816620415,66.21820000000001
0.15600000000000014,69.7795371432634,68.13717842946073,66.6716
0.15700000000000003,69.9026248457517,68.34245856146403,67.113
0.15800000000000014,70.044069769537,68.54263856596415,67.53960000000001
0.15900000000000003,70.1595452960808,68.73786844671116,67.9538
0.16000000000000014,70.24114625930787,68.92814820370509,68.3564
0.16100000000000003,70.32255599636655,69.1137778444461,68.74549999999999
0.16200000000000014,70.3861364771439,69.29475736893421,69.12409999999998
0.16300000000000003,70.44197489429025,69.47131178279457,69.4912
0.16400000000000015,70.50764206036136,69.64344108602714,69.84689999999999
0.16500000000000004,70.56433361448525,69.81129528238206,70.1927
0.16600000000000015,70.61111752394653,69.97494937373433,70.5279
0.16700000000000004,70.66975662779402,70.134403360084,70.8526
0.16799999999999993,70.6945929803022,70.28965724143103,71.1677
0.16900000000000004,70.71164583957693,70.44086102152552,71.47269999999999
0.16999999999999993,70.74671683728921,70.5878646966174,71.76829999999998
0.17100000000000004,70.76,70.73066826670666,72.05239999999999
0.17199999999999993,70.7687696347533,70.86927173179329,72.3274
0.17300000000000004,70.80349701708376,71.00352508812719,72.5907
0.17399999999999993,70.8184819188459,71.13335333383333,72.8441
0.17500000000000004,70.80792634016989,71.25860646516162,73.08550000000001
0.17599999999999993,70.79522402754802,71.37928448211204,73.31569999999999
0.17700000000000005,70.76027560528779,71.49531238280956,73.53380000000001
0.17799999999999994,70.77,71.60646516162905,73.74090000000001
0.17900000000000005,70.77,71.71274281857045,73.9347
0.17999999999999994,70.74279496764899,71.81407035175879,74.1172
0.18100000000000005,70.7232444357254,71.91037275931897,74.28590000000001
0.18199999999999994,70.7055818251882,72.00180004500112,74.4432
0.18300000000000005,70.67283481915464,72.08820220505513,74.58740000000002
0.18399999999999994,70.6326945592833,72.16972924323107,74.7203
0.18500000000000005,70.60962024159173,72.24645616140404,74.8404
0.18599999999999994,70.56451607980178,72.31860796519912,74.94909999999999
0.18700000000000006,70.49367802449888,72.38633465836645,75.0474
0.18799999999999994,70.43267737604411,72.44978624465611,75.1361
0.18900000000000006,70.35398416546647,72.50926273156828,75.21459999999999
0.18999999999999995,70.26680151835464,72.56506412660316,75.28519999999999
0.19100000000000006,70.17525548537418,72.61749043726093,75.34720000000002
0.19199999999999995,70.10324927732881,72.66691667291681,75.40329999999999
0.19300000000000006,70.04773546580705,72.71364284107102,75.45360000000001
0.19399999999999995,69.98246911824843,72.75804395109877,75.49900000000001
0.19500000000000006,69.89802184212448,72.80042001050025,75.54050000000001
0.19599999999999995,69.83232390468099,72.84107102677567,75.57900000000001
0.19700000000000006,69.74879619308756,72.88044701117526,75.61590000000001
0.19799999999999995,69.68630582526714,72.91869796744918,75.65039999999999
0.19900000000000007,69.63904685037936,72.95612390309756,75.6853
0.19999999999999996,69.58202316761027,72.99294982374559,75.71950000000001
0.20100000000000007,69.51154693797153,73.02932573314332,75.7533
0.20199999999999996,69.42789960660038,73.06532663316581,75.78819999999999
0.20300000000000007,69.33342103706701,73.10110252756319,75.8222
0.20399999999999996,69.23628532146611,73.13665341633539,75.85759999999999
0.20500000000000007,69.13968830471602,73.17197929948249,75.893
0.20599999999999996,69.0638417972482,73.20685517137927,75.9273
0.20700000000000007,68.97178477860628,73.24135603390084,75.96180000000001
0.20799999999999996,68.90703508284636,73.27518187954699,75.9941
0.20900000000000007,68.82276496841881,73.30810770269257,76.0246
0.20999999999999996,68.7306324656895,73.34005850146254,76.0534
0.21100000000000008,68.6102255611378,73.37065926648165,76.0773
0.21199999999999997,68.50478771291228,73.39968499212479,76.09819999999999
0.21300000000000008,68.40317506652477,73.42683567089176,76.11319999999999
0.21399999999999997,68.29131671432674,73.45188629715743,76.12299999999999
0.21500000000000008,68.19785643756424,73.47461186529664,76.12629999999999
0.21599999999999997,68.1078970242368,73.49471236780919,76.12260000000002
0.21700000000000008,68.02852626651276,73.51203780094502,76.1111
0.21799999999999997,67.95717119666251,73.52643816095402,76.0918
0.21900000000000008,67.8769609204669,73.5377634440861,76.0644
0.21999999999999997,67.81566157424707,73.5459386484662,76.02810000000001
0.22100000000000009,67.75541126815452,73.55081377034426,75.9839
0.22199999999999998,67.66063601853236,73.55253881347033,75.93050000000001
0.2230000000000001,67.58732866654725,73.55103877596939,75.87010000000001
0.22399999999999998,67.53198550935807,73.54653866346658,75.8019
0.2250000000000001,67.43912853868594,73.53896347408686,75.72649999999999
0.22599999999999998,67.35428569810558,73.52861321533038,75.6434
0.2270000000000001,67.2688492064943,73.51563789094727,75.5551
0.22799999999999998,67.20125240512613,73.50018750468762,75.46170000000001
0.2290000000000001,67.12397487109395,73.48256206405159,75.36340000000001
0.22999999999999998,67.03066137177589,73.46291157278931,75.2603
0.2310000000000001,66.95405881928508,73.44153603840094,75.1538
0.23199999999999998,66.88236860006477,73.4185854646366,75.04500000000002
0.2330000000000001,66.79176642986026,73.39420985524637,74.9335
0.23399999999999999,66.70718898647395,73.36870921773044,74.82000000000001
0.2350000000000001,66.6393267395902,73.3420835520888,74.70549999999999
0.236,66.55656956472544,73.31448286207154,74.5902
0.2370000000000001,66.49313932058625,73.28605715142878,74.4726
0.238,66.43724737527157,73.25673141828545,74.3547
0.2390000000000001,66.37144639771317,73.2265806645166,74.23460000000001
0.24,66.32535572072933,73.19545488637215,74.1138
0.2410000000000001,66.25092393599998,73.1633540838521,73.99130000000001
0.242,66.20075247062474,73.13005325133128,73.86599999999999
0.2430000000000001,66.15269943023812,73.09540238505961,73.7374
0.244,66.12157300020115,73.05932648316207,73.6058
0.2450000000000001,66.0781321733132,73.0214505362634,73.471
0.246,66.01608019076647,72.98169954248856,73.33069999999998
0.2470000000000001,65.93966894111982,72.93977349433735,73.18449999999999
0.248,65.86638891107192,72.89544738618464,73.0333
0.2490000000000001,65.80812162153454,72.8484962124053,72.87450000000001
0.25,65.72154911668642,72.79876996924922,72.70870000000001
0.2510000000000001,65.60230616321627,72.74604365109127,72.53609999999999
0.252,65.51858054927467,72.69024225605641,72.3546
0.2530000000000001,65.41595005944724,72.6312157803945,72.1661
0.254,65.34186731413027,72.56888922223055,71.96800000000002
0.2550000000000001,65.25719070967317,72.50326258156454,71.7623
0.256,65.1900890367923,72.43433585839645,71.54879999999999
0.2570000000000001,65.12737011531615,72.36218405460136,71.32699999999998
0.258,65.11333593941112,72.28695717392934,71.0981
0.2590000000000001,65.08529371223764,72.20865521638041,70.862
0.26,65.05360798387638,72.12757818945474,70.61930000000001
0.2610000000000001,65.0101663195473,72.04387609690242,70.37160000000002
0.262,64.96195588141019,71.9577739443486,70.11800000000001
0.2630000000000001,64.91851290643444,71.86949673741843,69.8599
0.264,64.86331923524187,71.77934448361208,69.59849999999999
0.2650000000000001,64.819733014811,71.68746718667965,69.3339
0.266,64.7816869326903,71.59423985599639,69.0675
0.2670000000000001,64.7344353980256,71.49981249531237,68.7987
0.268,64.68720344890654,71.40433510837771,68.529
0.26900000000000013,64.62117072740004,71.30803270081752,68.2585
0.27,64.57386017590557,71.21113027825695,67.98700000000001
0.27100000000000013,64.53690396920743,71.11362784069601,67.71610000000001
0.272,64.4842299765571,71.01560039000975,67.44449999999999
0.27300000000000013,64.42160159222497,70.91712292807318,67.17299999999999
0.274,64.3409573534263,70.81812045301132,66.9012
0.27500000000000013,64.26678069682248,70.71851796294906,66.62859999999999
0.276,64.21326029270435,70.61831545788645,66.35599999999998
0.27700000000000014,64.16809995037784,70.51736293407335,66.0806
0.278,64.11520102989746,70.41551038775968,65.8047
0.27900000000000014,64.07297627771162,70.31253281332033,65.52579999999999
0.28,64.04781015896734,70.20828020700517,65.2444
0.28100000000000014,63.9781908220124,70.10252756318907,64.95900000000002
0.28200000000000003,63.92465625845549,69.99512487812196,64.6694
0.28300000000000014,63.888009218709655,69.8859221480537,64.3758
0.28400000000000003,63.85047484235292,69.77469436735917,64.07770000000001
0.28500000000000014,63.83224138025002,69.6612915322883,63.7732
0.28600000000000003,63.78974902929829,69.54571364284106,63.464299999999994
0.28700000000000014,63.701454657637804,69.42773569339232,63.149499999999996
0.28800000000000003,63.620508377889976,69.30743268581715,62.8282
0.28900000000000015,63.55854635709975,69.18472961824045,62.5015
0.29000000000000004,63.517399706851116,69.05977649441235,62.16920000000001
0.29100000000000015,63.46672098955008,68.93257331433286,61.83149999999999
0.29200000000000004,63.39341868631556,68.80334508362708,61.4897
0.29300000000000015,63.32649540743589,68.67224180604514,61.14359999999999
0.29400000000000004,63.266622858360805,68.53941348533714,60.79380000000001
0.29500000000000015,63.18763616323197,68.40508512712817,60.441700000000004
0.29600000000000004,63.10626390582978,68.26963174079351,60.0866
0.29699999999999993,63.04020443983501,68.13320333008325,59.73069999999999
0.29800000000000004,62.95638645777846,67.99617490437261,59.3742
0.29899999999999993,62.901033539264986,67.85877146928674,59.017199999999995
0.30000000000000004,62.82692859217007,67.7212930323258,58.661100000000005
0.30099999999999993,62.74222660685596,67.58388959723992,58.30720000000001
0.30200000000000005,62.67399946996052,67.44686117152929,57.9543
0.30299999999999994,62.617281032301136,67.31043276081901,57.6042
0.30400000000000005,62.55396877667559,67.17460436510912,57.257
0.30499999999999994,62.49504623681582,67.03960099002474,56.9124
0.30600000000000005,62.43543265714473,66.90534763369084,56.571
0.30699999999999994,62.3568956613023,66.77199429985748,56.2322
0.30800000000000005,62.293044796734755,66.63939098477462,55.8963
0.30899999999999994,62.25291327473864,66.50753768844221,55.56229999999999
0.31000000000000005,62.19169511261426,66.37613440336008,55.2303
0.31099999999999994,62.13312976185783,66.24518112952823,54.8996
0.31200000000000006,62.105082974501975,66.11437785944649,54.568900000000006
0.31299999999999994,62.05768128448564,65.98349958748967,54.238800000000005
0.31400000000000006,62.02070512821292,65.8523213080327,53.9083
0.31499999999999995,61.93766040533964,65.72054301357534,53.57620000000001
0.31600000000000006,61.843499050182004,65.58793969849246,53.2413
0.31699999999999995,61.76516807707973,65.45428635715892,52.9043
0.31800000000000006,61.707495107072084,65.3193579839496,52.5638
0.31899999999999995,61.63922023811381,65.18292957323932,52.2202
0.32000000000000006,61.55599674189386,65.04492612315308,51.87140000000001
0.32099999999999995,61.483051720761175,64.90512262806568,51.51919999999999
0.32200000000000006,61.413712762972594,64.76359408985225,51.1619
0.32299999999999995,61.34255336648413,64.62026550663765,50.800599999999996
0.32400000000000007,61.27535604024088,64.475211880297,50.434799999999996
0.32499999999999996,61.19720403769172,64.32858321458036,50.0658
0.32600000000000007,61.11581522363538,64.18045451136278,49.6926
0.32699999999999996,61.050631246555405,64.0310507762694,49.3175
0.32800000000000007,60.97589249411873,63.88067201680041,48.9401
0.32899999999999996,60.91089456068682,63.72954323858095,48.56179999999999
0.33000000000000007,60.808919001742915,63.57811445286132,48.183
0.33099999999999996,60.69551008214527,63.426535663391576,47.80480000000001
0.3320000000000001,60.60907595475623,63.27518187954698,47.42809999999999
0.33299999999999996,60.517945809734584,63.124503112577806,47.0536
0.3340000000000001,60.42352648333296,62.974649366234146,46.6821
0.33499999999999996,60.338227729794355,62.825920648016194,46.314400000000006
0.3360000000000001,60.23916519173239,62.67854196354909,45.950799999999994
0.33699999999999997,60.127056954831275,62.53273831845795,45.591800000000006
0.3380000000000001,60.00029073339136,62.38850971274282,45.2375
0.33899999999999997,59.850625435141794,62.2459311482787,44.888000000000005
0.3400000000000001,59.710496030289114,62.10492762319058,44.543
0.34099999999999997,59.575641096370376,61.96534913372834,44.2019
0.3420000000000001,59.46361606890949,61.826970674266846,43.8642
0.34299999999999997,59.33154618003805,61.689417235430874,43.528800000000004
0.3440000000000001,59.19130087590183,61.55238880972024,43.19480000000001
0.345,59.03242088300129,61.41528538213455,42.860899999999994
0.3460000000000001,58.8825074252329,61.27758193954848,42.525299999999994
0.347,58.73255926687039,61.138678466961665,42.18670000000001
0.3480000000000001,58.59283750998204,60.997824945623634,41.843199999999996
0.349,58.433303103054946,60.85449636240905,41.493100000000005
0.3500000000000001,58.257879367810006,60.707792694817364,41.13440000000001
0.351,58.08065085224377,60.55703892597314,40.76550000000001
0.3520000000000001,57.899296516845624,60.40148503712592,40.3844
0.353,57.709058374914484,60.240456011400276,39.9895
0.3540000000000001,57.503922978718315,60.07335183379584,39.579299999999996
0.355,57.30341014661811,59.89949748743718,39.1525
0.3560000000000001,57.139793751648966,59.71836795919897,38.7077
0.357,56.920882100766796,59.52958823970599,38.243900000000004
0.3580000000000001,56.70537083614523,59.33270831770793,37.760600000000004
0.359,56.471429508393484,59.127503187579684,37.257200000000005
0.3600000000000001,56.24848846073351,58.91389784744618,36.7336
0.361,55.98923743387774,58.69174229355733,36.189800000000005
0.3620000000000001,55.7293491722198,58.46111152778819,35.62630000000001
0.363,55.44364130940742,58.22223055576389,35.043499999999995
0.3640000000000001,55.16951325100046,57.97532438310957,34.44220000000001
0.365,54.88037534002565,57.720693017325424,33.82359999999999
0.3660000000000001,54.58620779547559,57.45878646966173,33.188900000000004
0.367,54.29281450322609,57.19005475136878,32.539199999999994
0.3680000000000001,53.99388451423626,56.91517287932198,31.876099999999997
0.369,53.692869058234734,56.63459086477162,31.201
0.3700000000000001,53.38031065151696,56.348908722718065,30.5156
0.371,53.04683407937386,56.05880147003674,29.8213
0.3720000000000001,52.694108853177745,55.76479411985299,29.119500000000002
0.373,52.3786125680168,55.467486687167174,28.411400000000004
0.3740000000000001,52.06122396637134,55.167329183229576,27.698500000000003
0.375,51.72462827156337,54.864846621165526,26.981600000000004
0.3760000000000001,51.40521264605105,54.560489012225304,26.261599999999994
0.377,51.10399722806604,54.254406360158995,25.539299999999997
0.3780000000000001,50.81256689767306,53.9470486762169,24.8151
0.379,50.531881660984446,53.63834095852396,24.089
0.3800000000000001,50.23675558776995,53.328508212705316,23.361400000000003
0.381,49.95631335516318,53.01747543688592,22.632
0.3820000000000001,49.71356168140645,52.705167629190726,21.900399999999998
0.383,49.50779736994677,52.391359783994595,21.1662
0.3840000000000001,49.32442158062158,52.07590189754743,20.428599999999996
0.385,49.132962649894246,51.758418960474,19.687109999999997
0.3860000000000001,48.927720512148085,51.43868596714917,18.940820000000002
0.387,48.73223307735643,51.11640291007275,18.18901
0.3880000000000001,48.536610690079925,50.79126978174454,17.431030000000003
0.389,48.35022111149348,50.462986574664356,16.66611
0.3900000000000001,48.18183903416745,50.131328283207075,15.89385
0.391,48.024122948135016,49.79614490362258,15.113910000000002
0.3920000000000001,47.83425095676546,49.45743643591089,14.326220000000001
0.393,47.71049567046729,49.115277881947044,13.53096
0.39400000000000013,47.5975069944985,48.769744243606084,12.728528700000002
0.395,47.50608150533245,48.421135528388206,11.919669999999998
0.39600000000000013,47.41031455073566,48.06997674941873,11.105680000000001
0.397,47.32153060994249,47.716942923573086,10.28785
0.39800000000000013,47.24519629148363,47.36263406585164,9.468069999999999
0.399,47.154934040086296,47.00810020250506,8.6485
0.40000000000000013,47.07395731096617,46.65431635790895,7.8316300000000005
0.401,47.03121813532258,46.302632565814136,7.020299000000001
0.40200000000000014,46.99544967836905,45.9542488562214,6.2176100000000005
0.403,46.96841113178116,45.61081527038176,5.42689
0.40400000000000014,46.949976635577585,45.27383184579614,4.651789999999999
0.405,46.93016521448088,44.945023625590636,3.8960600000000003
0.40600000000000014,46.94772353280509,44.62604065101627,3.1634999999999995
0.40700000000000003,46.95812148159688,44.318682967074174,2.4579999999999993
0.40800000000000014,46.96649237832733,44.02475061876546,1.7836999999999996
0.40900000000000003,47.00090801195057,43.74596864921622,1.1444000000000005
0.41000000000000014,47.00348978161328,43.48413710342758,0.5437999999999997
0.41100000000000003,47.02593113687607,43.24075601890047,-0.014300000000000862
0.41200000000000014,47.08551518465007,43.017325433135824,-0.5265999999999993
0.41300000000000003,47.12218646168413,42.815345383634586,-0.9898999999999988
0.41400000000000015,47.15685447647175,42.635940898522456,-1.4016000000000002
0.41500000000000004,47.21837949724761,42.4801620040501,-1.759099999999998
0.41600000000000015,47.28249562272604,42.348758718967964,-2.0604999999999984
0.41700000000000004,47.33975850140759,42.2424060601515,-2.3041000000000005
0.41800000000000015,47.41562524528719,42.16140403510087,-2.4889999999999994
0.41900000000000004,47.490261205739344,42.10590264756618,-2.6146000000000003
0.42000000000000015,47.55534846545671,42.07567689192229,-2.681
0.42100000000000004,47.62868801044738,42.07050176254406,-2.6887000000000003
0.42200000000000015,47.720053449383116,42.089552238805965,-2.638699999999999
0.42300000000000004,47.81533209366955,42.13207830195755,-2.5326
0.42399999999999993,47.89362429125842,42.19710492762319,-2.372499999999998
0.42500000000000004,47.97552417148114,42.283207080177,-2.1609000000000016
0.42599999999999993,48.047489650466154,42.389034725868136,-1.9008000000000005
0.42700000000000005,48.12094527719947,42.513087827195676,-1.5954999999999986
0.42799999999999994,48.20695758531266,42.65356633915847,-1.2488000000000006
0.42900000000000005,48.28776822657804,42.80882022050551,-0.8645999999999985
0.42999999999999994,48.36127188039941,42.97689942248556,-0.44700000000000095
0.43100000000000005,48.43946827665441,43.15607890197254,-0.0005000000000010964
0.43199999999999994,48.53194568510006,43.34440861021525,0.47079999999999894
0.43300000000000005,48.606181492871755,43.5400135003375,0.9622999999999993
0.43399999999999994,48.690525266670384,43.74124353108828,1.4695999999999987
0.43500000000000005,48.77482252011578,43.94629865746643,1.9886
0.43599999999999994,48.84943545280858,44.153603840096,2.5149000000000004
0.43700000000000006,48.93382362580849,44.36150903772594,3.04502
0.43799999999999994,49.00155900993386,44.56873921848046,3.5749500000000003
0.43900000000000006,49.07216252093654,44.77394434860871,4.10143
0.43999999999999995,49.1621891305761,44.97592439810995,4.62132
0.44100000000000006,49.23805441085647,45.17370434260856,5.13198
0.44199999999999995,49.31116109661209,45.366459161479035,5.63083
0.44300000000000006,49.39576637066271,45.55336383409585,6.11595
0.44399999999999995,49.4858505466135,45.73381834545863,6.585389999999999
0.44500000000000006,49.59076367159785,45.907297682442056,7.037920000000001
0.44599999999999995,49.690481785301316,46.07350183754593,7.47231
0.44700000000000006,49.76957429347134,46.23213080327008,7.887689999999998
0.44799999999999995,49.82538118024745,46.382959573989346,8.28368
0.44900000000000007,49.900433562218026,46.52598814970374,8.65978
0.44999999999999996,49.93747908716105,46.661216530413256,9.01597
0.45100000000000007,49.98368150254349,46.7886447161179,9.352379999999998
0.45199999999999996,50.02986295750492,46.90842271056776,9.669231
0.45300000000000007,50.085032912420644,47.020700517512935,9.966928
0.45399999999999996,50.132869884228,47.125703142578566,10.245897
0.45500000000000007,50.19719113692798,47.22358058951473,10.506735999999998
0.45599999999999996,50.23095891417245,47.31463286582164,10.750029999999999
0.4570000000000001,50.261663381448514,47.399084977124424,10.97644
0.45799999999999996,50.30833787452311,47.477086927173175,11.186580000000001
0.4590000000000001,50.33707502926416,47.54901372534313,11.381089999999999
0.45999999999999996,50.36291449599601,47.61501537538438,11.5606
0.4610000000000001,50.41964910762979,47.67524188104702,11.72566
0.46199999999999997,50.454624606980445,47.729993249831246,11.87685
0.4630000000000001,50.48306095854236,47.77941948548713,12.01466
0.46399999999999997,50.53046838836357,47.82359558988974,12.139569999999999
0.4650000000000001,50.56897065086426,47.86282157053926,12.252010000000002
0.46599999999999997,50.578382142716585,47.89709742743568,12.352379999999998
0.4670000000000001,50.60464030286555,47.92672316807919,12.441059999999998
0.46799999999999997,50.62508360646865,47.951698792469806,12.51842
0.4690000000000001,50.64355892648774,47.972249306232655,12.58482
0.47,50.66319714559494,47.98844971124278,12.640609999999999
0.4710000000000001,50.67717672283279,48.00052501312532,12.686150000000001
0.472,50.67064720555803,48.008475211880295,12.7218
0.4730000000000001,50.66369220478802,48.01260031500787,12.747950000000001
0.474,50.66449044216611,48.012975324383106,12.76499
0.4750000000000001,50.65379885362685,48.009825245631134,12.77335
0.476,50.66815072257797,48.00330008250206,12.773430000000001
0.4770000000000001,50.64824728900467,47.99354983874596,12.765730000000001
0.478,50.63874550485177,47.98079951998799,12.75067
0.4790000000000001,50.62,47.96527413185329,12.72876
0.48,50.62,47.94712367809195,12.70049
0.4810000000000001,50.611328954622074,47.926573164329106,12.666369999999999
0.482,50.60063204574798,47.90377259431485,12.62691
0.4830000000000001,50.6,47.87909697742443,12.58263
0.484,50.6,47.85262131553288,12.534049999999999
0.4850000000000001,50.6,47.82457061426535,12.4817
0.486,50.59632712679663,47.795244881122024,12.42611
0.4870000000000001,50.573921653850896,47.76471911797795,12.36779
0.488,50.56372615239881,47.73336833420835,12.30727
0.4890000000000001,50.56164053628414,47.70134253356334,12.24507
0.49,50.54192765832998,47.66879171979299,12.18167
0.4910000000000001,50.548354057699335,47.63601590039751,12.11759
0.492,50.52691146404564,47.60309007725193,12.0533
0.4930000000000001,50.508990351254496,47.570314257856445,11.98927
0.494,50.49974503670246,47.53791344783619,11.92595
0.4950000000000001,50.46184966129843,47.50588764719117,11.86377
0.496,50.43417091306381,47.47453686342158,11.803149999999999
0.4970000000000001,50.389564747443146,47.4440111002775,11.74447
0.498,50.34078390562828,47.414460361509036,11.68809
0.4990000000000001,50.30811853001959,47.386034650866264,11.63438
0.5,50.28856378314854,47.35880897022425,11.583630000000001
0.5010000000000001,50.254153773126646,47.33293332333307,11.53616
0.502,50.20941375737335,47.30855771394284,11.492239999999999
0.5030000000000001,50.17628776096768,47.28575714392859,11.4521
0.504,50.152407340736396,47.26460661516538,11.41597
0.5050000000000001,50.13482278728255,47.24525613140328,11.38407
0.506,50.11015520317468,47.22770569264231,11.35652
0.5070000000000001,50.07,47.21203030075751,11.33352
0.508,50.06965894237961,47.19830495762393,11.31514
0.5090000000000001,50.03928412458998,47.18652966324158,11.30149
0.51,49.982454304637756,47.176779419485484,11.29261
0.5110000000000001,49.94400993694733,47.169054226355655,11.28852
0.512,49.91169099745782,47.163279081977045,11.28919
0.5130000000000001,49.91,47.1595289882247,11.29457
0.514,49.89060432541407,47.15765394134853,11.30455
0.5150000000000001,49.866298222790924,47.15765394134853,11.318999999999999
0.516,49.8550213329977,47.15945398634966,11.33773
0.5170000000000001,49.82849822511908,47.162904072601805,11.360479999999999
0.518,49.787136792542256,47.16792919822995,11.387020000000001
0.5190000000000001,49.75250450763727,47.17445436135903,11.416989999999998
0.52,49.71342184530644,47.18225455636391,11.450059999999999
0.5210000000000001,49.693308140094665,47.19117977949448,11.48583
0.522,49.65223621519338,47.201005025125625,11.52388
0.5230000000000001,49.59415304101029,47.21158028950723,11.563719999999998
0.524,49.529180068158055,47.22275556888922,11.604890000000001
0.5250000000000001,49.501799502675475,47.234230855771386,11.64687
0.526,49.44595018741241,47.24585614640365,11.689139999999998
0.5270000000000001,49.40794329757292,47.25733143328583,11.731170000000002
0.528,49.35455771614204,47.268506712667815,11.77241
0.5290000000000001,49.303484002975466,47.27908197704942,11.812330000000001
0.53,49.27070732435326,47.288907222680564,11.85042
0.5310000000000001,49.24337222870478,47.29775744393609,11.886149999999999
0.532,49.215889834570575,47.30548263706592,11.91902
0.5330000000000001,49.18395681279824,47.31170779269481,11.94861
0.534,49.1453469964822,47.316507912697816,11.974459999999999
0.5350000000000001,49.11117120414868,47.31950798769969,11.996199999999998
0.536,49.080912311477626,47.32063301582539,12.013490000000001
0.5370000000000001,49.030191351634095,47.31988299707492,12.026029999999999
0.538,48.96495217702837,47.316957923948095,12.033600000000002
0.5390000000000001,48.918885474068,47.31193279831996,12.03601
0.54,48.871710839894845,47.304732618315455,12.033140000000001
0.5410000000000001,48.84390089245621,47.29528238205955,12.02494
0.542,48.7991916220136,47.28365709142728,12.0114
0.5430000000000001,48.75282746818163,47.269856746418654,11.99259
0.544,48.698180343647536,47.25388134703367,11.96861
0.5450000000000002,48.64762951697499,47.23580589514737,11.939639999999999
0.546,48.606464980206994,47.2158553963849,11.9059
0.5470000000000002,48.57566996508497,47.193954848871215,11.86766
0.548,48.54000617575346,47.170329258231455,11.8252
0.5490000000000002,48.495717381493066,47.1451286282157,11.778880000000001
0.55,48.453995289014216,47.118427960699016,11.729049999999999
0.5509999999999999,48.397698119127064,47.090452261306524,11.676089999999999
0.552,48.3544356662343,47.06142653566339,11.620389999999999
0.5529999999999999,48.32726954492416,47.03135078376959,11.56234
0.554,48.29925609142977,47.00045001125027,11.50233
0.5549999999999999,48.270681930786054,46.96894922373059,11.44075
0.556,48.261607647389404,46.93699842496062,11.37795
0.5569999999999999,48.22013535529266,46.90467261681542,11.314300000000001
0.558,48.16056531608919,46.87204680117002,11.250089999999998
0.5589999999999999,48.13648768320025,46.83942098552463,11.18562
0.56,48.10615245738329,46.8067201680042,11.121129999999999
0.5609999999999999,48.06825534424201,46.77416935423385,11.05686
0.562,48.02608404626044,46.7417685442136,10.99297
0.563,47.97740306172867,46.70951773794344,10.9296
0.5640000000000001,47.93893948266979,46.67756693917348,10.86687
0.565,47.904628105941484,46.6459161479037,10.80482
0.5660000000000001,47.84986128974203,46.6145653641341,10.743520000000002
0.567,47.813701022962476,46.58351458786469,10.68296
0.5680000000000001,47.77575885711528,46.552763819095475,10.62311
0.569,47.72864934796701,46.52231305782644,10.56396
0.5700000000000001,47.68152631662801,46.4920123003075,10.50545
0.571,47.65310994683822,46.46201155028875,10.44751
0.5720000000000001,47.62447167287757,46.43223580589515,10.39009
0.573,47.60553302995284,46.40261006525162,10.333150000000002
0.5740000000000001,47.569557156366486,46.373134328358205,10.27661
0.575,47.55173346350677,46.34380859521488,10.220469999999999
0.5760000000000001,47.55,46.3145578639466,10.16471
0.577,47.53361300466389,46.28553213830345,10.10936
0.5780000000000001,47.5014006823603,46.256731418285455,10.05447
0.579,47.47460749406103,46.22808070201755,10.00012
0.5800000000000001,47.425082687267036,46.19965499137478,9.94643
0.581,47.4,46.171604290107254,9.89357
0.5820000000000001,47.39841735614108,46.14400360009,9.84173
0.583,47.36777335461064,46.11692792319808,9.79114
0.5840000000000001,47.3494220771199,46.090452261306524,9.74207
0.585,47.33097747867861,46.06472661816545,9.694819999999998
0.5860000000000001,47.294282891420515,46.03990099752493,9.64971
0.587,47.2573356242757,46.01612540313507,9.60706
0.5880000000000001,47.20912553350022,45.99354983874596,9.56725
0.589,47.184536601430075,45.972324308107694,9.530629999999999
0.5900000000000001,47.17341157510322,45.952598814970365,9.497580000000001
0.591,47.16297786864544,45.93452336308407,9.46842
0.5920000000000001,47.16,45.9182479561989,9.443489999999999
0.593,47.147758377103614,45.9038475961899,9.42313
0.5940000000000001,47.10794145610622,45.89154728868221,9.40759
0.595,47.08304710755843,45.88134703367584,9.39712
0.5960000000000001,47.06748051408109,45.87339683492087,9.3919
0.597,47.05563234825532,45.867696692417304,9.39208
0.5980000000000001,47.01845471967838,45.864246606165146,9.39772
0.599,47.01,45.863196579914494,9.40884
0.6000000000000001,47.01,45.8643216080402,9.425389999999998
0.601,46.9833232920912,45.86777169429235,9.44726
0.6020000000000001,46.955539290943875,45.873246831170775,9.47425
0.603,46.916324008559215,45.88082202055051,9.506110000000001
0.6040000000000001,46.90263042174896,45.890347258681466,9.54252
0.605,46.89220544563279,45.901522538063446,9.583110000000001
0.6060000000000001,46.89,45.91427285682142,9.62743
0.607,46.873364445081336,45.92829820745518,9.674990000000001
0.6080000000000001,46.84132470256761,45.9435235880897,9.72528
0.609,46.81199695900928,45.95957398934973,9.77773
0.6100000000000001,46.776398990384195,45.976299407485186,9.831739999999998
0.611,46.76228677948434,45.99339983499587,9.886719999999999
0.6120000000000001,46.73,46.01057526438161,9.942060000000001
0.613,46.729154320234464,46.02767569189229,9.99714
0.6140000000000001,46.700033577319154,46.04440111002775,10.05138
0.615,46.709968673520855,46.06052651316283,10.1042
0.6160000000000001,46.69216089616569,46.07575189379734,10.15506
0.617,46.67331388564762,46.09000225005625,10.20346
0.6180000000000001,46.65555668775514,46.10297757443936,10.24894
0.619,46.62194353651325,46.114602865071625,10.2911
0.6200000000000001,46.58971096160525,46.124653116327906,10.329600000000001
0.621,46.56821108078304,46.1331283282082,10.36413
0.6220000000000001,46.54745627344957,46.13980349508737,10.39447
0.623,46.54403402018205,46.14467861696542,10.42046
0.6240000000000001,46.54384767167144,46.14775369384234,10.44201
0.625,46.53352622547411,46.14895372384309,10.459060000000001
0.6260000000000001,46.553240635763466,46.148278706967666,10.471620000000001
0.627,46.5591103502454,46.14580364509112,10.47978
0.6280000000000001,46.536767959163086,46.14152853821345,10.483630000000002
0.629,46.49944296012172,46.135603390084746,10.48335
0.6300000000000001,46.49044065632366,46.12802820070501,10.47911
0.631,46.46303255509848,46.11895297382434,10.47116
0.6320000000000001,46.43421473621468,46.10845271131778,10.45973
0.633,46.41560325277937,46.096677416935414,10.445070000000001
0.6340000000000001,46.374309431928566,46.08370209255231,10.42748
0.635,46.340257551437304,46.069601740043495,10.40721
0.6360000000000001,46.312043316315034,46.05452636315907,10.384549999999999
0.637,46.28942243681983,46.03862596564914,10.35973
0.6380000000000001,46.27196646108748,46.02190054751369,10.33304
0.639,46.24365071015151,46.00457511437786,10.304689999999999
0.6400000000000001,46.22,45.98664966624165,10.27491
0.641,46.215430824761995,45.96819920498012,10.24389
0.6420000000000001,46.17578455357908,45.949373734343354,10.2118
0.643,46.157702240503376,45.93017325433135,10.17882
0.6440000000000001,46.14004334042285,45.91067276681917,10.145059999999999
0.645,46.14997691141763,45.89087227180679,10.11066
0.6460000000000001,46.14128435858852,45.870846771169276,10.07572
0.647,46.12412118472486,45.85067126678167,10.040320000000001
0.6480000000000001,46.08420390400448,45.830345758643965,10.004570000000001
0.649,46.08,45.809945248631216,9.96851
0.6500000000000001,46.06331068712981,45.78939473486837,9.93225
0.651,46.03197102524376,45.76884422110552,9.89584
0.6520000000000001,46.00853425382072,45.74821870546763,9.859380000000002
0.653,45.99579125948494,45.72759318982974,9.82293
0.6540000000000001,45.979281667338675,45.7070426760669,9.786590000000002
0.655,45.93300003990486,45.6865671641791,9.750460000000002
0.6560000000000001,45.87588783589627,45.6662416560414,9.71464
0.657,45.83722057359623,45.646066151653784,9.67925
0.6580000000000001,45.83,45.626115652891315,9.64439
0.659,45.82984796070136,45.60646516162904,9.61019
0.6600000000000001,45.79072758945459,45.58718967974199,9.576770000000002
0.661,45.77209609374176,45.568214205355126,9.54425
0.6620000000000001,45.743203077483734,45.54968874221856,9.51273
0.663,45.73286671769448,45.5316882922073,9.48232
0.6640000000000001,45.70311517487417,45.51413785344633,9.45311
0.665,45.6623618027075,45.49711242781069,9.42514
0.6660000000000001,45.63499175093162,45.48068701717542,9.398480000000001
0.667,45.635131258473514,45.46478661966548,9.3731
0.6680000000000001,45.63390677499663,45.449411235280884,9.34902
0.669,45.611897881863555,45.4345608640216,9.32616
0.6700000000000002,45.59641597602054,45.42016050401259,9.30443
0.671,45.587572928821466,45.40621015525388,9.283710000000001
0.6720000000000002,45.578391489845515,45.39255981399534,9.26381
0.673,45.56763802653395,45.379209480237,9.24454
0.6740000000000002,45.52852468434747,45.36593414835371,9.22565
0.675,45.50056427296055,45.3528088202205,9.20687
0.6760000000000002,45.48127138862606,45.3395334883372,9.18791
0.677,45.47223674604043,45.325958148953724,9.168449999999998
0.6780000000000002,45.430747745831916,45.312082802070044,9.14815
0.679,45.39823513399523,45.29775744393609,9.126669999999999
0.6799999999999999,45.36979087522496,45.282682067051674,9.10368
0.681,45.34709636938743,45.26685667141678,9.07883
0.6819999999999999,45.33448191943694,45.25005625140628,9.051829999999999
0.683,45.32555425904318,45.23220580514513,9.02238
0.6839999999999999,45.31675273673796,45.213230330758265,8.990229999999999
0.685,45.30069999314208,45.19297982449561,8.95516
0.6859999999999999,45.261778224338975,45.171454286357154,8.91701
0.687,45.235947507843115,45.148503712592806,8.87565
0.688,45.21768534292655,45.12427810695267,8.831050000000001
0.6890000000000001,45.19940672432877,45.09862746568664,8.78319
0.69,45.19020859540115,45.07162679066976,8.73215
0.6910000000000001,45.18131234928125,45.04327608190204,8.67806
0.692,45.14601280559506,45.01380034500862,8.62109
0.6930000000000001,45.115649690055,44.983199579989495,8.56151
0.694,45.09675660623922,44.951698792469806,8.49962
0.6950000000000001,45.05858872054282,44.91929798244956,8.435740000000001
0.696,45.01069688621842,44.88629715742893,8.370289999999999
0.6970000000000001,45.00520123522123,44.85277131928298,8.303669999999999
0.698,45.00069418547414,44.819020475511884,8.236350000000002
0.6990000000000001,44.96724323356367,44.78519462986574,8.16877
0.7,44.946347660180784,44.75144378609465,8.10141
0.7010000000000001,44.935065543551104,44.71799294982374,8.03473
0.702,44.921726042514,44.68506712667816,7.969190000000001
0.7030000000000001,44.9398229107283,44.652891322283054,7.905218
0.704,44.92907500210277,44.62146553663841,7.843212000000001
0.7050000000000001,44.89032350045512,44.59108977724443,7.783529000000001
0.706,44.880099108698786,44.56191404785119,7.7265
0.7070000000000001,44.88,44.53386334658366,7.672389
0.708,44.88,44.50723768094202,7.621428
0.7090000000000001,44.85940688511734,44.48196204905122,7.57377
0.71,44.83670437487001,44.45818645466136,7.529531
0.7110000000000001,44.819568659192626,44.43583589589739,7.488777
0.712,44.78519384897093,44.41498537463436,7.4515087
0.7130000000000001,44.74550072407371,44.39555988899722,7.4176931
0.714,44.7179755708561,44.37748443711093,7.3872313599999995
0.7150000000000001,44.69171672296907,44.36083402085052,7.360016
0.716,44.68311843896,44.34538363459086,7.3358818
0.7170000000000001,44.69878051785139,44.331133278331954,7.3146465
0.718,44.677586098432464,44.31800795019875,7.2961024
0.7190000000000001,44.659347362110324,44.30593264831621,7.280044800000001
0.72,44.65016248553618,44.294757368934214,7.266249599999999
0.7210000000000001,44.64082847141191,44.284332108302706,7.254486599999999
0.722,44.63203395392451,44.2747318682967,7.244528
0.7230000000000001,44.60702418151861,44.26565664141603,7.236156000000001
0.724,44.577598893928204,44.25725643141078,7.229175
0.7250000000000001,44.55567473848695,44.249231230780765,7.223382999999999
0.726,44.544290985121656,44.24165604140103,7.2185950000000005
0.7270000000000001,44.5295780641042,44.23438085952149,7.214624000000001
0.728,44.515590687990866,44.22733068326708,7.211304
0.7290000000000001,44.49789685465043,44.220505512637814,7.208483000000001
0.73,44.48,44.21383034575864,7.205981
0.7310000000000001,44.48,44.20715517887947,7.203629
0.732,44.4781262854426,44.2004800120003,7.201246
0.7330000000000001,44.4460550133112,44.19372984324608,7.198652
0.734,44.42015963911875,44.18675466886672,7.195626
0.7350000000000001,44.439988345893916,44.17947948698717,7.19193
0.736,44.42172947816969,44.171829295732394,7.187297999999999
0.7370000000000001,44.402227355373206,44.16365409135228,7.181451
0.738,44.39280828422113,44.154878871971796,7.1740450000000004
0.7390000000000001,44.35675068784806,44.14520363009075,7.164722
0.74,44.35,44.13462836570914,7.153109000000001
0.7410000000000001,44.33539643452346,44.12285307132677,7.138790999999999
0.742,44.300490757505834,44.109727743193574,7.121331
0.7430000000000001,44.29862118614126,44.095102377559435,7.1002719999999995
0.744,44.3013604955199,44.07875196879922,7.07517
0.7450000000000001,44.27605117533455,44.06052651316283,7.045585000000001
0.746,44.26774572541735,44.040201005025125,7.0110790000000005
0.7470000000000001,44.255295436248986,44.01755043876096,6.971259999999999
0.748,44.215569689622896,43.99249981249531,6.92577
0.7490000000000001,44.19,43.964974124353105,6.8743
0.75,44.19,43.93474836870921,6.816649999999999
0.7510000000000001,44.171676278443904,43.90189754743868,6.752660000000001
0.752,44.15289381563595,43.86634665866646,6.68228
0.7530000000000001,44.133347968482816,43.82802070051751,6.605609999999999
0.754,44.12259144280253,43.78721968049201,6.522789999999999
0.7550000000000001,44.11196193204907,43.743943598589965,6.43415
0.756,44.12264949504299,43.69834245856146,6.340109999999999
0.7570000000000001,44.1259631067253,43.650716267906695,6.2412399999999995
0.758,44.11600350847161,43.601440036000895,6.138229999999999
0.7590000000000001,44.10048525290695,43.55073876846921,6.03189
0.76,44.068182258614186,43.4990624765619,5.9231500000000015
0.7610000000000001,44.05,43.446861171529285,5.8130500000000005
0.762,44.04869059336719,43.39465986649666,5.70268
0.7630000000000001,44.02743687898721,43.342908572714315,5.59328
0.764,44.009258821783185,43.29220730518262,5.4860999999999995
0.7650000000000001,44.000093061135786,43.243006075151875,5.38237
0.766,43.9907584597433,43.19590489762244,5.283399999999999
0.7670000000000001,43.98142357059509,43.15150378759469,5.19039
0.768,43.9707813974255,43.11025275631891,5.10472
0.7690000000000001,43.97,43.07267681692042,5.0275300000000005
0.77,43.94477830288868,43.03922598064951,4.959879999999999
0.7710000000000001,43.918735368437794,43.01027525688142,4.90261
0.772,43.881918680013364,42.986199654991374,4.856789999999999
0.7730000000000001,43.855201200039794,42.96729918247956,4.8228800000000005
0.774,43.834057064523854,42.95379884497112,4.80166
0.7750000000000001,43.81,42.945698642466056,4.79321
0.776,43.806196953928875,42.94322358058951,4.79783
0.7770000000000001,43.775647231129106,42.94622365559139,4.81553
0.778,43.7573870471513,42.95454886372159,4.8461300000000005
0.7790000000000001,43.739229441457496,42.96812420310507,4.8890199999999995
0.78,43.73006984942472,42.9865746643666,4.94376
0.7810000000000001,43.720735122520416,43.00967524188104,5.00959
0.782,43.71202156721071,43.03690092252306,5.08562
0.7830000000000001,43.67387243078439,43.067876696917416,5.1708
0.784,43.678170516395646,43.102002550063744,5.264009999999999
0.7850000000000001,43.68,43.13890347258681,5.36405
0.786,43.6459428254293,43.17797944948623,5.46964
0.7870000000000001,43.60915007331169,43.21863046576164,5.579489999999999
0.788,43.58269515829245,43.260406510162746,5.69232
0.7890000000000001,43.54754811297634,43.30270756768919,5.806850000000001
0.79,43.51972980585087,43.34508362709067,5.921900000000001
0.7910000000000001,43.493865662910615,43.38700967524188,6.036320000000001
0.792,43.47763027515592,43.42811070276757,6.1491
0.7930000000000001,43.46871645274213,43.46801170029251,6.25931
0.794,43.45938156359394,43.506412660316506,6.366210000000001
0.7950000000000002,43.45004667444574,43.54308857721443,6.46913
0.796,43.44115040230655,43.577889447236174,6.567589
0.7970000000000002,43.38691434498376,43.61059026475662,6.661271
0.798,43.35385439529197,43.64119102977574,6.7499780000000005
0.7990000000000002,43.342439888890404,43.6697667441686,6.833657
0.8,43.33337222870479,43.69624240606015,6.912392
0.8010000000000002,43.32403733955659,43.72076801920048,6.986371999999999
0.802,43.31549426871169,43.74349358733968,7.055872000000001
0.8030000000000002,43.29313757625027,43.7646441161029,7.121283999999999
0.804,43.26148259718859,43.78429460736518,7.183015000000001
0.8050000000000002,43.23988662609171,43.802670066751666,7.241511999999999
0.806,43.21664807710577,43.82007050176254,7.297262
0.8070000000000002,43.20821531883737,43.83657091427285,7.3507104
0.808,43.19714274039644,43.85247131178279,7.4022952
0.8089999999999999,43.157450036170566,43.8678466961674,7.452380000000001
0.81,43.12010367263585,43.88277206930173,7.501301
0.8109999999999999,43.073135137153095,43.89747243681092,7.549289
0.812,43.03476558211294,43.91194779869496,7.5964920000000005
0.813,43.00591662015693,43.92619815495387,7.642977999999999
0.8140000000000001,42.977189412474935,43.94022350558764,7.688704
0.815,42.95738705047181,43.953873846846164,7.733559000000001
0.8160000000000001,42.92734197839894,43.967149178729464,7.777329999999999
0.817,42.88695012890964,43.97989949748744,7.81972
0.8180000000000001,42.857485110949895,43.99197479936998,7.86039
0.819,42.85,44.00307507687692,7.89893
0.8200000000000001,42.85258222655435,44.013200330008246,7.934920000000001
0.821,42.857990704386296,44.022050551263774,7.96794
0.8220000000000001,42.83258593507908,44.02940073501837,7.9975499999999995
0.823,42.784147066788,44.03517587939698,8.02336
0.8240000000000001,42.74773562911451,44.03922598064951,8.04504
0.825,42.72,44.04140103502587,8.06232
0.8260000000000001,42.84,44.04162604065101,8.07501
0.827,42.79278495460746,44.03990099752494,8.08305
0.8280000000000001,42.754366007467226,44.03622590564764,8.08646
0.829,42.72473055508315,44.03075076876922,8.085420000000001
0.8300000000000001,42.70478502128662,44.02347558688967,8.080169999999999
0.831,42.68522921260881,44.01462536563414,8.071110000000001
0.8320000000000001,42.674317367373895,44.00442511062776,8.058750000000002
0.833,42.64996284399533,43.99317482937073,8.04367
0.8340000000000001,42.60820638819873,43.98109952748818,8.02656
0.835,42.58119644088226,43.96857421435536,8.008180000000001
0.8360000000000001,42.551229690199705,43.95589889747244,7.9892900000000004
0.837,42.516191349096474,43.94344858621465,7.9707
0.8380000000000001,42.50448949088616,43.931523288082204,7.9532099999999994
0.839,42.474052974289386,43.92049801245031,7.937589999999999
0.8400000000000001,42.4471298163749,43.91067276681916,7.924530000000001
0.841,42.427812006733866,43.902197554938866,7.914629999999999
0.8420000000000001,42.37978070144941,43.8953723843096,7.9084
0.843,42.35166574682254,43.89034725868146,7.906180000000001
0.8440000000000001,42.32300001355834,43.88712217805445,7.908169999999999
0.845,42.30350394604464,43.885697142428555,7.914410000000001
0.8460000000000001,42.28578134952433,43.88607215180379,7.924749999999999
0.847,42.24951797303888,43.888022200555014,7.938829999999999
0.8480000000000001,42.233893255059876,43.89139728493212,7.956110000000001
0.849,42.21549781183037,43.895747393684836,7.975899999999999
0.8500000000000001,42.173370092689005,43.90077251931298,7.997280000000001
0.851,42.14063054584355,43.90594764869121,8.0192
0.8520000000000001,42.11604112555926,43.910747768694215,8.04049
0.853,42.0792712825432,43.91472286807169,8.05982
0.8540000000000001,42.05465464860391,43.917197929948244,8.07582
0.855,42.03264880809186,43.91757293932348,8.08704
0.8560000000000001,41.98401787531625,43.91517287932198,8.09205
0.857,41.94755067990547,43.90954773869346,8.089419999999999
