t_s,paao_mmhg,parch_mmhg,pdao_mmhg,qdao_ml_per_s
0.0,43.85577139428485,43.894022350558764,43.723393084827116,-5.02285
0.0010000000000000009,43.818345458636465,43.88449711242781,43.71641791044776,-5.019909999999999
0.0020000000000000018,43.774844371109275,43.87054676366909,43.71146778669466,-5.00911
0.0030000000000000027,43.72519312982824,43.85164629115727,43.70869271731793,-4.9897800000000005
0.0040000000000000036,43.66969174229355,43.82749568739219,43.7081677041926,-4.9615800000000005
0.0050000000000000044,43.608715217880444,43.79771994299857,43.70989274731868,-4.92456
0.006000000000000005,43.542488562214054,43.76209405235131,43.71386784669616,-4.87915
0.007000000000000006,43.4716867921698,43.72054301357534,43.719792994824864,-4.82617
0.008000000000000007,43.39683492087302,43.672991824795616,43.7273681842046,-4.7668099999999995
0.009000000000000008,43.318682967074174,43.61959048976224,43.73614340358509,-4.702649999999999
0.010000000000000009,43.2377559438986,43.56041401035025,43.74581864546613,-4.6355900000000005
0.01100000000000001,43.15502887572189,43.4958373959349,43.75564389109727,-4.56783
0.01200000000000001,43.07102677566939,43.426310657766436,43.76509412735318,-4.50179
0.013000000000000012,42.9867246681167,43.35220880522012,43.77341933548339,-4.4400900000000005
0.014000000000000012,42.9027225680642,43.27405685142128,43.779944498612466,-4.38542
0.015000000000000013,42.819695492387304,43.192604815120376,43.783994599865,-4.340529999999999
0.016000000000000014,42.738393459836495,43.108377709442735,43.784894622365556,-4.30809
0.017000000000000015,42.65926648166204,43.02220055501387,43.78181954548864,-4.2906699999999995
0.018000000000000016,42.582764569114225,42.93482337058426,43.77431935798395,-4.29061
0.019000000000000017,42.50941273531838,42.846846171154276,43.76179404485112,-4.30999
0.020000000000000018,42.439360984024596,42.75901897547438,43.74364359108977,-4.35056
0.02100000000000002,42.372909322733065,42.67209180229506,43.71971799294982,-4.41369
0.02200000000000002,42.30998274956873,42.58666466661666,43.689567239180974,-4.50029
0.02300000000000002,42.25065626640666,42.50333758343958,43.65319132978324,-4.6108400000000005
0.02400000000000002,42.19485487137178,42.4225605640141,43.610440261006524,-4.74535
0.025000000000000022,42.14227855696392,42.34493362334058,43.56153903847596,-4.90334
0.026000000000000023,42.092777319432976,42.270681767044174,43.50671266781669,-5.08385
0.027000000000000024,42.04590114752868,42.20010500262506,43.446186154653866,-5.2855
0.028000000000000025,42.001425035625886,42.13335333383334,43.38055951398785,-5.506460000000001
0.029000000000000026,41.95882397059926,42.07050176254406,43.310282757068926,-5.74456
0.030000000000000027,41.917872946823664,42.01155028875721,43.23603090077251,-5.9972900000000005
0.031000000000000028,41.87804695117378,41.95649891247281,43.158553963849094,-6.26187
0.03200000000000003,41.83919597989949,41.90504762619065,43.078601965049124,-6.53533
0.03300000000000003,41.80087002175054,41.8571214280357,42.996924923123075,-6.81459
0.03400000000000003,41.76291907297682,41.812345308632715,42.914422860571506,-7.09649
0.03500000000000003,41.72519312982824,41.77049426235656,42.831845796144904,-7.37789
0.03600000000000003,41.687617190429755,41.73126828170704,42.750018750468755,-7.65577
0.03700000000000003,41.650341258531455,41.69429235730893,42.66969174229355,-7.927249999999999
0.038000000000000034,41.613365334133356,41.65941648541213,42.59153978849471,-8.18969
0.039000000000000035,41.57691442286057,41.62619065476637,42.51623790594764,-8.44074
0.040000000000000036,41.541438535963394,41.594539863496585,42.44423610590265,-8.6784
0.041000000000000036,41.507312682817066,41.564314107852695,42.37605940148503,-8.901060000000001
0.04200000000000004,41.47498687467186,41.53528838220955,42.31193279831995,-9.107520000000001
0.04300000000000004,41.44506112652816,41.50761269031725,42.25223130578264,-9.29704
0.04400000000000004,41.41813545338633,41.48121203030075,42.19687992199805,-9.46934
0.04500000000000004,41.3948848721218,41.456311407785186,42.145953648841214,-9.62455
0.04600000000000004,41.37590939773494,41.43306082652066,42.09922748068701,-9.76326
0.04700000000000004,41.36203405085127,41.41183529588239,42.05662641566039,-9.88644
0.04800000000000004,41.35378384459611,41.39293482337058,42.017700442511064,-9.99539
0.049000000000000044,41.35175879396985,41.3768094202355,41.982149553738836,-10.0917
0.050000000000000044,41.356633915847894,41.36383409585239,41.9494487362184,-10.1772
0.051000000000000045,41.368709217730434,41.35468386709667,41.91907297682442,-10.2539
0.052000000000000046,41.38843471086776,41.34973374334358,41.890572264306606,-10.323799999999999
0.05300000000000005,41.41611040276007,41.34950873771844,41.86334658366459,-10.3888
0.05400000000000005,41.45188629715742,41.35460886522163,41.837020925523134,-10.4509
0.05500000000000005,41.4956873921848,41.365409135228376,41.811070276756915,-10.5119
0.05600000000000005,41.54751368784219,41.38243456086402,41.785119627990696,-10.5731
0.05700000000000005,41.60714017850446,41.405985149628734,41.75894397359934,-10.635800000000001
0.05800000000000005,41.674116852921316,41.436360909022724,41.7321683042076,-10.7008
0.05900000000000005,41.74806870171754,41.47386184654616,41.70479261981549,-10.7684
0.06000000000000005,41.828470711767785,41.51848796219905,41.67674191854796,-10.8387
0.061000000000000054,41.914647866196646,41.57038925973149,41.648166204155096,-10.9112
0.062000000000000055,42.00585014625366,41.62934073351833,41.6193654841371,-10.985000000000001
0.06300000000000006,42.101477536938425,41.69526738168454,41.590489762244054,-11.0588
0.06400000000000006,42.200630015750384,41.76786919672991,41.56213905347633,-11.1309
0.06500000000000006,42.30278256956423,41.84669616740418,41.534763369084224,-11.1992
0.06600000000000006,42.40711017775444,41.93144828620715,41.5089627240681,-11.2615
0.06700000000000006,42.51301282532063,42.0214505362634,41.48541213530338,-11.3151
0.06800000000000006,42.61989049726243,42.11625290632265,41.46478661966549,-11.3573
0.06900000000000006,42.727443186079654,42.21525538138453,41.44791119777994,-11.385299999999999
0.07000000000000006,42.8353708842721,42.31778294457361,41.43538588464711,-11.3964
0.07100000000000006,42.94344858621465,42.42338558463962,41.42803570089252,-11.387699999999999
0.07200000000000006,43.05167629190729,42.53138828470711,41.426535663391576,-11.3568
0.07300000000000006,43.16027900697517,42.64141603540088,41.43141078526963,-11.3013
0.07400000000000007,43.26963174079352,42.75301882547063,41.44318607965199,-11.219199999999999
0.07500000000000007,43.38025950648766,42.865896647416186,41.46238655966399,-11.109
0.07600000000000007,43.492762319057974,42.979824495612384,41.48931223280582,-10.969600000000002
0.07700000000000007,43.60811520288007,43.09480237005925,41.52403810095252,-10.800400000000002
0.07800000000000007,43.72721818045451,43.21090527263181,41.56663916597915,-10.601099999999999
0.07900000000000007,43.85112127803195,43.328283207080176,41.61711542788569,-10.3724
0.08000000000000007,43.98117452936323,43.44738618465461,41.675166879171975,-10.1153
0.08100000000000007,44.11857796444911,43.568814220355506,41.74041851046276,-9.83111
0.08200000000000007,44.26460661516538,43.693167329183225,41.81242031050776,-9.522
0.08300000000000007,44.42076051901297,43.82119552988824,41.89049726243156,-9.19033
0.08400000000000007,44.588164704117595,43.954023850596265,41.974049351233774,-8.838849999999999
0.08500000000000008,44.768244206105145,44.092552313807836,42.0622515562889,-8.470519999999999
0.08600000000000008,44.96212405310133,44.238055951398785,42.15435385884646,-8.08846
0.08700000000000008,45.17085427135678,44.391584789619735,42.249456236405905,-7.6957699999999996
0.08800000000000008,45.39548488712217,44.5545638640966,42.346958673966846,-7.29548
0.08900000000000008,45.636765919147976,44.72811820295507,42.446036150903765,-6.89035
0.09000000000000008,45.895297382434556,44.913522838070946,42.546088652216305,-6.48284
0.09100000000000008,46.1715292882322,45.11212780319508,42.64651616290407,-6.07492
0.09200000000000008,46.465611640291,45.324908122703064,42.74701867546688,-5.66805
0.09300000000000008,46.777619440486006,45.55291382284557,42.8473711842796,-5.263039999999999
0.09400000000000008,47.10717767944198,45.79719492987324,42.94749868746718,-4.860040000000001
0.09500000000000008,47.453986349658734,46.05835145878647,43.04762619065476,-4.4584600000000005
0.09600000000000009,47.81737043426085,46.33705842646066,43.14797869946748,-4.0569500000000005
0.09700000000000009,48.19642991074776,46.63369084227105,43.24915622890572,-3.65343
0.09800000000000009,48.59018975474386,46.948473711842794,43.3518337958449,-3.2450599999999996
0.09900000000000009,48.99752493812345,47.281332033300835,43.45698642466061,-2.8283500000000004
0.10000000000000009,49.417085427135675,47.632115802895065,43.565589139728495,-2.3991200000000004
0.10100000000000009,49.84744618615465,48.000300007500186,43.67899197479937,-1.9526799999999997
0.10200000000000009,50.28725718142953,48.3852846321158,43.79854496362409,-1.48382
0.10299999999999998,50.734943373584336,48.7862446561164,43.9255981399535,-0.987011
0.10399999999999998,51.18892972324308,49.20205505137628,44.06172654316357,-0.456441
0.10499999999999998,51.64771619290482,49.63151578789469,44.20850521263031,0.113805
0.10599999999999998,52.10980274506862,50.07342683567089,44.36743418585464,0.729626
0.10699999999999998,52.57383934598364,50.52613815345383,44.54008850221255,1.39676
0.10799999999999998,53.03840096002399,50.988299707492686,44.72781819545489,2.12062
0.10899999999999999,53.502212555313875,51.45818645466136,44.93204830120752,2.90618
0.10999999999999999,53.96422410560264,51.93422335558389,45.15390384759618,3.75779
0.11099999999999999,54.42346058651466,52.41468536713417,45.39428485712143,4.67908
0.11199999999999999,54.87894697367434,52.89807245181129,45.65409135228381,5.67277
0.11299999999999999,55.33000825020625,53.38273456836421,45.933698342458555,6.74064
0.11399999999999999,55.775969399234974,53.86709667741693,46.23348083702093,7.88338
0.11499999999999999,56.21653041326033,54.34988374709367,46.553213830345754,9.10055
0.11599999999999999,56.65124128103202,54.82967074176854,46.892597314932864,10.3905
0.11699999999999999,57.07987699692492,55.30525763144078,47.250956273906844,11.7506
0.118,57.50228755718892,55.77566939173479,47.62731568289207,13.1768
0.119,57.91862296557414,56.23993099827495,48.02047551188779,14.6642
0.12,58.328733218330456,56.69714242856071,48.428860721518035,16.206799999999998
0.121,58.732843321083024,57.146778669466734,48.85082127053175,17.7981
0.122,59.131103277581936,57.58823970599264,49.2843321083027,19.4305
0.123,59.52358808970224,58.02107552688817,49.72751818795469,21.0962
0.124,59.91059776494412,58.44506112652815,50.17820445511138,22.787100000000002
0.125,60.29220730518263,58.86012150303757,50.63414085352134,24.494999999999997
0.126,60.668566714167845,59.26603165079126,51.093377334433356,26.2116
0.127,61.039825995649885,59.66294157353933,51.553663841596034,27.9293
0.128,61.405985149628734,60.050926273156826,52.013200330008246,29.6405
0.129,61.767119177979446,60.43013575339383,52.47011175279382,31.3385
0.13,62.12315307882696,60.80087002175054,52.92274806870171,33.0173
0.131,62.47401185029625,61.16327908197704,53.36968424210605,34.671600000000005
0.132,62.81947048676216,61.51773794344858,53.809795244881116,36.296800000000005
0.133,63.15945398634965,61.86454661366533,54.242106052651316,37.889599999999994
0.134,63.49373734343359,62.20393009825245,54.66579164479111,39.4471
0.135,63.8219455486387,62.53626340658515,55.08040201005024,40.9678
0.136,64.14392859821494,62.861846546163655,55.48563714092852,42.4506
0.137,64.45931148278707,63.18082952073801,55.881422035550884,43.8953
0.138,64.76794419860497,63.49351233780844,56.26783169579239,45.3024
0.139,65.06945173629339,63.80012000300007,56.645166129153225,46.673
0.14,65.36375909397735,64.10072751818794,57.01372534313357,48.0087
0.14100000000000001,65.65064126603166,64.39548488712218,57.37403435085877,49.3114
0.14200000000000002,65.92987324683116,64.68446711167778,57.72661816545413,50.5833
0.14300000000000002,66.20153003825095,64.96774919372983,58.072151803795094,51.826899999999995
0.14400000000000013,66.46546163654091,65.24533113327833,58.41123528088202,53.0444
0.14500000000000002,66.72181804545113,65.5172879321983,58.744393609840245,54.238299999999995
0.14600000000000013,66.97067426685668,65.78361959048976,59.07230180754518,55.4107
0.14700000000000002,67.21210530263255,66.0443261081527,59.39540988524712,56.5638
0.14800000000000013,67.446411160279,66.29925748143704,59.71416785419635,57.6991
0.14900000000000002,67.67381684542113,66.5486387159679,60.02902572564314,58.8181
0.15000000000000013,67.89454736368408,66.79224480612015,60.340058501462536,59.9218
0.15100000000000002,68.1089777244431,67.03030075751893,60.64764119102977,61.0107
0.15200000000000014,68.31740793519837,67.26265656641415,60.951698792469806,62.085
0.15300000000000002,68.52021300532512,67.48946223655591,61.252231305782644,63.144600000000004
0.15400000000000014,68.7176179404485,67.71079276981924,61.54908872721818,64.18900000000001
0.15500000000000003,68.91014775369385,67.92664816620415,61.84204605115127,65.2174
0.15600000000000014,69.09802745068626,68.13717842946073,62.13087827195679,66.2286
0.15700000000000003,69.28148203705092,68.34245856146403,62.41528538213455,67.22149999999999
0.15800000000000014,69.46088652216304,68.54263856596415,62.69481737043426,68.1948
0.15900000000000003,69.63646591164778,68.73786844671116,62.96917422935573,69.1469
0.16000000000000014,69.80837020925522,68.92814820370509,63.23798094952374,70.07650000000001
0.16100000000000003,69.97674941873547,69.1137778444461,63.50086252156303,70.9823
0.16200000000000014,70.14167854196354,69.29475736893421,63.75751893797345,71.8631
0.16300000000000003,70.30323258081452,69.47131178279457,64.00765019125477,72.7179
0.16400000000000015,70.46141153528838,69.64344108602714,64.25095627390684,73.5458
0.16500000000000004,70.61614040351009,69.81129528238206,64.48743718592965,74.3463
0.16600000000000015,70.76734418360458,69.97494937373433,64.71686792169804,75.1191
0.16700000000000004,70.91487287182179,70.134403360084,64.93924848121203,75.8641
0.16799999999999993,71.05865146628665,70.28965724143103,65.15465386634665,76.5814
0.16900000000000004,71.19837995949898,70.44086102152552,65.36308407710193,77.2716
0.16999999999999993,71.33383334583364,70.5878646966174,65.56476411910297,77.9351
0.17100000000000004,71.46493662341558,70.73066826670666,65.7598439960999,78.5728
0.17199999999999993,71.59138978474462,70.86927173179329,65.94862371559289,79.1857
0.17300000000000004,71.71304282607065,71.00352508812719,66.13125328133204,79.77489999999999
0.17399999999999993,71.82967074176854,71.13335333383333,66.30818270456761,80.3416
0.17500000000000004,71.9411235280882,71.25860646516162,66.47963699092476,80.88690000000001
0.17599999999999993,72.04732618315457,71.37928448211204,66.64599114977874,81.4122
0.17700000000000005,72.14820370509263,71.49531238280956,66.80747018675467,81.9187
0.17799999999999994,72.24368109202729,71.60646516162905,66.96437410935273,82.4074
0.17900000000000005,72.33383334583364,71.71274281857045,67.11707792694816,82.8794
0.17999999999999994,72.4187354683867,71.81407035175879,67.26565664141603,83.33569999999999
0.18100000000000005,72.49853746343658,71.91037275931897,67.4104102602565,83.777
0.18199999999999994,72.57338933473335,72.00180004500112,67.55148878721967,84.2039
0.18300000000000005,72.64351608790219,72.08820220505513,67.68904222605565,84.6169
0.18399999999999994,72.7092927323183,72.16972924323107,67.82299557488936,85.0161
0.18500000000000005,72.77094427360683,72.24645616140404,67.95349883747093,85.4017
0.18599999999999994,72.82892072301807,72.31860796519912,68.08040201005025,85.7736
0.18700000000000006,72.88344708617714,72.38633465836645,68.20378009450236,86.1315
0.18799999999999994,72.9350483762094,72.44978624465611,68.32340808520212,86.475
0.18900000000000006,72.98409960249005,72.50926273156828,68.43928598214954,86.80369999999999
0.18999999999999995,73.0310507762694,72.56506412660316,68.55111377784444,87.117
0.19100000000000006,73.07612690317256,72.61749043726093,68.65889147228681,87.4143
0.19199999999999995,73.11977799444985,72.66691667291681,68.76231905797644,87.69500000000001
0.19300000000000006,73.16230405760143,72.71364284107102,68.86139653491337,87.9587
0.19399999999999995,73.20408010200254,72.75804395109877,68.95582389559738,88.2047
0.19500000000000006,73.24518112952823,72.80042001050025,69.04567614190354,88.4329
0.19599999999999995,73.28598214955373,72.84107102677567,69.13080327008174,88.64290000000001
0.19700000000000006,73.32648316207906,72.88044701117526,69.21120528013199,88.83470000000001
0.19799999999999995,73.36683417085426,72.91869796744918,69.28688217205429,89.0083
0.19900000000000007,73.40696017400434,72.95612390309756,69.35790894772369,89.16409999999999
0.19999999999999996,73.44686117152928,72.99294982374559,69.42436060901522,89.3026
0.20100000000000007,73.48646216155404,73.02932573314332,69.48653716342908,89.4245
0.20199999999999996,73.5256131403285,73.06532663316581,69.54451361284032,89.5306
0.20300000000000007,73.56401410035251,73.10110252756319,69.5987399684992,89.6219
0.20399999999999996,73.60159003975099,73.13665341633539,69.6492912322808,89.6998
0.20500000000000007,73.63789094727368,73.17197929948249,69.69669241731043,89.7655
0.20599999999999996,73.67276681917048,73.20685517137927,69.74124353108827,89.8204
0.20700000000000007,73.70591764794119,73.24135603390084,69.78339458486461,89.8661
0.20799999999999996,73.7369684242106,73.27518187954699,69.82344558613964,89.9041
0.20900000000000007,73.7656191404785,73.30810770269257,69.8617715442886,89.9358
0.20999999999999996,73.79164479111977,73.34005850146254,69.89889747243681,89.9628
0.21100000000000008,73.8147453686342,73.37065926648165,69.93504837620941,89.98649999999999
0.21199999999999997,73.83477086927172,73.39968499212479,69.97059926498162,90.0081
0.21300000000000008,73.85149628740719,73.42683567089176,70.00585014625365,90.0287
0.21399999999999997,73.86477161929047,73.45188629715743,70.04110102752568,90.0494
0.21500000000000008,73.87452186304657,73.47461186529664,70.07642691067277,90.0707
0.21599999999999997,73.88082202055051,73.49471236780919,70.11205280132003,90.0933
0.21700000000000008,73.88359708992724,73.51203780094502,70.14805370134253,90.1174
0.21799999999999997,73.88299707492686,73.52643816095402,70.18442961074027,90.1431
0.21900000000000008,73.87902197554939,73.5377634440861,70.22110552763819,90.1701
0.21999999999999997,73.87197179929498,73.5459386484662,70.2579314482862,90.19800000000001
0.22100000000000009,73.86199654991374,73.55081377034426,70.2949073726843,90.2263
0.22199999999999998,73.84939623490587,73.55253881347033,70.33165829145727,90.25399999999999
0.2230000000000001,73.83439585989649,73.55103877596939,70.36795919897996,90.2802
0.22399999999999998,73.81722043051074,73.54653866346658,70.40351008775218,90.3037
0.2250000000000001,73.79816995424885,73.53896347408686,70.4380859521488,90.3233
0.22599999999999998,73.77754443861096,73.52861321533038,70.47123678091951,90.3377
0.2270000000000001,73.75564389109728,73.51563789094727,70.5027375684392,90.3457
0.22799999999999998,73.73261831545788,73.50018750468762,70.53213830345757,90.346
0.2290000000000001,73.70869271731793,73.48256206405159,70.5592139803495,90.33730000000001
0.22999999999999998,73.68401710042751,73.46291157278931,70.58358958973973,90.3187
0.2310000000000001,73.6587414685367,73.44153603840094,70.6051151278782,90.289
0.23199999999999998,73.63294082352058,73.4185854646366,70.62356558913972,90.2477
0.2330000000000001,73.60661516537913,73.39420985524637,70.63864096602414,90.194
0.23399999999999999,73.57968949223729,73.36870921773044,70.6504162604065,90.1276
0.2350000000000001,73.55208880222006,73.3420835520888,70.6587414685367,90.0483
0.236,73.52373809345232,73.31448286207154,70.66369159228981,89.95620000000001
0.2370000000000001,73.494412360309,73.28605715142878,70.66519162979074,89.8516
0.238,73.46396159903998,73.25673141828545,70.6635415885397,89.73479999999999
0.2390000000000001,73.43201080027,73.2265806645166,70.65881647041176,89.6067
0.24,73.398409960249,73.19545488637215,70.65116627915697,89.46809999999999
0.2410000000000001,73.36278406960173,73.1633540838521,70.6409660241506,89.3198
0.242,73.32490812270306,73.13005325133128,70.62844071101776,89.163
0.2430000000000001,73.28440711017775,73.09540238505961,70.61381534538363,88.9988
0.244,73.24120603015075,73.05932648316207,70.59746493662341,88.8284
0.2450000000000001,73.19485487137177,73.0214505362634,70.57968949223729,88.6529
0.246,73.14520363009075,72.98169954248856,70.56071401785044,88.4735
0.2470000000000001,73.09210230255756,72.93977349433735,70.54091352283805,88.2912
0.248,73.03547588689716,72.89544738618464,70.52043801095027,88.1069
0.2490000000000001,72.97509937748444,72.8484962124053,70.4995124878122,87.9215
0.25,72.91112277806944,72.79876996924922,70.47828695717394,87.7354
0.2510000000000001,72.84347108677716,72.74604365109127,70.45683642091052,87.54910000000001
0.252,72.77221930548262,72.69024225605641,70.43531088277206,87.3628
0.2530000000000001,72.6974424360609,72.6312157803945,70.41371034275856,87.1766
0.254,72.6195154878872,72.56888922223055,70.39188479711993,86.9902
0.2550000000000001,72.53843846096152,72.50326258156454,70.36983424585614,86.8032
0.256,72.45466136653415,72.43433585839645,70.34725868146703,86.6151
0.2570000000000001,72.36825920648016,72.36218405460136,70.32415810395258,86.425
0.258,72.27968199204979,72.28695717392934,70.3001575039376,86.232
0.2590000000000001,72.18922973074326,72.20865521638041,70.2750318757969,86.0353
0.26,72.09712742818569,72.12757818945474,70.24848121203028,85.8336
0.2610000000000001,72.00367509187728,72.04387609690242,70.22028050701266,85.6258
0.262,71.90924773119328,71.9577739443486,70.19005475136878,85.41090000000001
0.2630000000000001,71.8139203480087,71.86949673741843,70.15757893947348,85.1877
0.264,71.71806795169879,71.77934448361208,70.12255306382659,84.9553
0.2650000000000001,71.6217655441386,71.68746718667965,70.08482712067801,84.71270000000001
0.266,71.52508812720318,71.59423985599639,70.0440261006525,84.4592
0.2670000000000001,71.42826070651766,71.49981249531237,70.0001500037501,84.1942
0.268,71.33113327833195,71.40433510837771,69.9529738243456,83.91720000000001
0.26900000000000013,71.23370584264606,71.30803270081752,69.90249756243905,83.6281
0.27,71.13597839945997,71.21113027825695,69.84872121803045,83.327
0.27100000000000013,71.03765094127353,71.11362784069601,69.79171979299481,83.0138
0.272,70.93879846996174,71.01560039000975,69.73149328733217,82.6892
0.27300000000000013,70.83897097427435,70.91712292807318,69.66826670666767,82.3537
0.274,70.7380934523363,70.81812045301132,69.60219005475136,82.00800000000001
0.27500000000000013,70.6358658966474,70.71851796294906,69.53356333908347,81.65310000000001
0.276,70.53198829970749,70.61831545788645,69.46261156528914,81.29
0.27700000000000014,70.42631065776644,70.51736293407335,69.38955973899346,80.91980000000001
0.278,70.31860796519912,70.41551038775968,69.31485787144678,80.5437
0.27900000000000014,70.2085052126303,70.31253281332033,69.23865596639915,80.16290000000001
0.28,70.09600240005999,70.20828020700517,69.16132903322583,79.77850000000001
0.28100000000000014,69.98087452186303,70.10252756318907,69.08317707942699,79.3916
0.28200000000000003,69.86297157428935,69.99512487812196,69.00442511062776,79.0032
0.28300000000000014,69.74236855921397,69.8859221480537,68.9252981324533,78.6143
0.28400000000000003,69.61891547288683,69.77469436735917,68.84602115052876,78.2256
0.28500000000000014,69.49283732093302,69.6612915322883,68.7667441686042,77.8376
0.28600000000000003,69.36420910522763,69.54571364284106,68.68754218855472,77.4507
0.28700000000000014,69.23310582764569,69.42773569339232,68.6084902122553,77.0651
0.28800000000000003,69.09975249381233,69.30743268581715,68.52958823970599,76.6808
0.28900000000000015,68.96452411310283,69.18472961824045,68.45076126903173,76.2976
0.29000000000000004,68.82757068926723,69.05977649441235,68.37193429835746,75.9151
0.29100000000000015,68.68926723168079,68.93257331433286,68.2929573239331,75.5327
0.29200000000000004,68.54998874971874,68.80334508362708,68.2136053401335,75.14970000000001
0.29300000000000015,68.41003525088126,68.67224180604514,68.13372834320857,74.7653
0.29400000000000004,68.26970674266856,68.53941348533714,68.05302632565814,74.3785
0.29500000000000015,68.12930323258081,68.40508512712817,67.97127428185705,73.98830000000001
0.29600000000000004,67.98927473186829,68.26963174079351,67.88824720618015,73.5938
0.29699999999999993,67.84969624240605,68.13320333008325,67.80364509112728,73.19409999999999
0.29800000000000004,67.71086777169428,67.99617490437261,67.71724293107327,72.7881
0.29899999999999993,67.57301432535813,67.85877146928674,67.62889072226804,72.375
0.30000000000000004,67.43613590339758,67.7212930323258,67.53828845721142,71.9543
0.30099999999999993,67.30030750768768,67.58388959723992,67.44536113402835,71.5252
0.30200000000000005,67.1656041401035,67.44686117152929,67.34995874896872,71.0875
0.30299999999999994,67.03195079876997,67.31043276081901,67.25208130203254,70.6409
0.30400000000000005,66.89912247806194,67.17460436510912,67.15172879321983,70.1856
0.30499999999999994,66.76704417610439,67.03960099002474,67.04890122253055,69.7217
0.30600000000000005,66.63541588539712,66.90534763369084,66.94374859371484,69.2496
0.30699999999999994,66.50408760219004,66.77199429985748,66.83642091052275,68.77
0.30800000000000005,66.37268431710791,66.63939098477462,66.72714317857945,68.28370000000001
0.30899999999999994,66.24090602265056,66.50753768844221,66.61614040351009,67.7915
0.31000000000000005,66.10845271131778,66.37613440336008,66.50371259281482,67.2947
0.31099999999999994,65.9750243756094,66.24518112952823,66.39008475211881,66.7943
0.31200000000000006,65.8403210080252,66.11437785944649,66.27563189079727,66.29159999999999
0.31299999999999994,65.70404260106501,65.98349958748967,66.1606540163504,65.7878
0.31400000000000006,65.56603915097877,65.8523213080327,66.0454511362784,65.2841
0.31499999999999995,65.4260856521413,65.72054301357534,65.93039825995649,64.7817
0.31600000000000006,65.28410710267757,65.58793969849246,65.81572039300981,64.2817
0.31699999999999995,65.13987849696242,65.45428635715892,65.70164254106352,63.78490000000001
0.31800000000000006,64.99362484062101,65.3193579839496,65.58838970974273,63.2922
0.31899999999999995,64.84519612990324,65.18292957323932,65.47618690467262,62.8042
0.32000000000000006,64.69489237230931,65.04492612315308,65.3649591239781,62.321299999999994
0.32099999999999995,64.54278856971423,64.90512262806568,65.25493137328434,61.843500000000006
0.32200000000000006,64.38925973149328,64.76359408985225,65.14610365259131,61.3709
0.32299999999999995,64.23453086327157,64.62026550663765,65.0382509562739,60.903299999999994
0.32400000000000007,64.0789019725493,64.475211880297,64.9313732843321,60.44
0.32499999999999996,63.92289807245181,64.32858321458036,64.82524563114077,59.980399999999996
0.32600000000000007,63.76674416860421,64.18045451136278,64.71964299107476,59.5237
0.32699999999999996,63.61096527413185,64.0310507762694,64.61434035850897,59.068799999999996
0.32800000000000007,63.45593639840995,63.88067201680041,64.50903772594314,58.6146
0.32899999999999996,63.30188254706368,63.72954323858095,64.40343508587713,58.1599
0.33000000000000007,63.14932873321833,63.57811445286132,64.29723243081077,57.7035
0.33099999999999996,62.99834995874896,63.426535663391576,64.19005475136878,57.244299999999996
0.3320000000000001,62.849246231155774,63.27518187954698,64.081602040051,56.780899999999995
0.33299999999999996,62.70216755418885,63.124503112577806,63.97172429310732,56.3125
0.3340000000000001,62.55703892597314,62.974649366234146,63.860046501162515,55.838100000000004
0.33499999999999996,62.4139353483837,62.825920648016194,63.7464186604665,55.356899999999996
0.3360000000000001,62.272631815795386,62.67854196354909,63.63076576914422,54.8685
0.33699999999999997,62.132828320708015,62.53273831845795,63.51293782344558,54.3726
0.3380000000000001,61.99422485562139,62.38850971274282,63.39293482337058,53.869
0.33899999999999997,61.856371409285224,62.2459311482787,63.27075676891921,53.358
0.3400000000000001,61.718742968574205,62.10492762319058,63.14662866571664,52.8401
0.34099999999999997,61.580664516612906,61.96534913372834,63.02062551563789,52.315799999999996
0.3420000000000001,61.441611040276,61.826970674266846,62.892972324308104,51.7862
0.34299999999999997,61.300682517062924,61.689417235430874,62.763969099227474,51.2523
0.3440000000000001,61.15720393009825,61.55238880972024,62.63399084977124,50.7154
0.345,61.010425260631514,61.41528538213455,62.50333758343958,50.1768
0.3460000000000001,60.859521488037196,61.27758193954848,62.37238430960774,49.638
0.347,60.70374259356483,61.138678466961665,62.241506037650936,49.1004
0.3480000000000001,60.54233855846395,60.997824945623634,62.11107777694442,48.5656
0.349,60.374634365859144,60.85449636240905,61.981474536863416,48.034800000000004
0.3500000000000001,60.20003000075001,60.707792694817364,61.85299632490812,47.5094
0.351,60.01807545188629,60.55703892597314,61.72594314857871,46.990300000000005
0.3520000000000001,59.828245706142646,60.40148503712592,61.600540013500336,46.4784
0.353,59.630315757893946,60.240456011400276,61.47686192154803,45.974199999999996
0.3540000000000001,59.423985599639984,60.07335183379584,61.35505887647191,45.478
0.355,59.209180229505726,59.89949748743718,61.235055876396906,44.9897
0.3560000000000001,58.985974649366234,59.71836795919897,61.11670291757293,44.508700000000005
0.357,58.75444386109652,59.52958823970599,60.9998499962499,44.0342
0.3580000000000001,58.5148878721968,59.33270831770793,60.884197104927615,43.5651
0.359,58.2675316882922,59.127503187579684,60.76921923048075,43.099799999999995
0.3600000000000001,58.012975324383106,58.91389784744618,60.65454136353408,42.6363
0.361,57.75159378984474,58.69174229355733,60.53956348908722,42.17250000000001
0.3620000000000001,57.483987099677485,58.46111152778819,60.4236855921398,41.70590000000001
0.363,57.210830270756766,58.22223055576389,60.306082652066294,41.2339
0.3640000000000001,56.93257331433285,57.97532438310957,60.186229655741386,40.7537
0.365,56.65004125103127,57.720693017325424,60.063151578789466,40.2623
0.3660000000000001,56.36375909397734,57.45878646966173,59.936248406210154,39.757
0.367,56.07432685817145,57.19005475136878,59.80469511737793,39.2348
0.3680000000000001,55.78226955673891,56.91517287932198,59.66789169729243,38.693099999999994
0.369,55.48803720093002,56.63459086477162,59.52501312532813,38.1295
0.3700000000000001,55.19207980199505,56.348908722718065,59.37560939023475,37.5415
0.371,54.89462236555914,56.05880147003674,59.21915547888696,36.9275
0.3720000000000001,54.59596489912247,55.76479411985299,59.05512637815944,36.2857
0.373,54.29618240456011,55.467486687167174,58.883222080552,35.614999999999995
0.3740000000000001,53.995199879996996,55.167329183229576,58.7033675841896,34.9148
0.375,53.69309232730817,54.864846621165526,58.51533788344708,34.184599999999996
0.3760000000000001,53.38948473711842,54.560489012225304,58.31913297832445,33.4246
0.377,53.08430210755268,54.254406360158995,58.1150528763219,32.635400000000004
0.3780000000000001,52.77709442736068,53.9470486762169,57.90309757743943,31.817999999999998
0.379,52.46756168904222,53.63834095852396,57.683792094802364,30.973699999999997
0.3800000000000001,52.15525388134703,53.328508212705316,57.45751143778594,30.1041
0.381,51.83972099302482,53.01747543688592,57.22470561764044,29.2114
0.3820000000000001,51.52066301657541,52.705167629190726,56.98597464936623,28.2977
0.383,51.197554938873466,52.391359783994595,56.74191854796369,27.3653
0.3840000000000001,50.87017175429386,52.07590189754743,56.4932873321833,26.416900000000002
0.385,50.53828845721143,51.758418960474,56.24060601515038,25.455
0.3860000000000001,50.20168004200105,51.43868596714917,55.98454961374034,24.4821
0.387,49.860346508662715,51.11640291007275,55.72586814670367,23.5008
0.3880000000000001,49.514362859071475,50.79126978174454,55.46501162529062,22.5132
0.389,49.16402910072751,50.462986574664356,55.20265506637666,21.5216
0.3900000000000001,48.80964524113102,50.131328283207075,54.93917347933698,20.5277
0.391,48.451961299032476,49.79614490362258,54.67509187729693,19.5331
0.3920000000000001,48.09157728943223,49.45743643591089,54.41063526588164,18.5391
0.393,47.729393234830866,49.115277881947044,54.14602865071626,17.5464
0.39400000000000013,47.36668416710417,48.769744243606084,53.88149703742593,16.555400000000002
0.395,47.004425110627764,48.421135528388206,53.61689042226055,15.5664
0.39600000000000013,46.64426610665266,48.06997674941873,53.35235880897022,14.5788
0.397,46.28748218705467,47.716942923573086,53.0875271881797,13.5921
0.39800000000000013,45.93579839495987,47.36263406585164,52.822245556138895,12.6052
0.399,45.59101477536938,47.00810020250506,52.556138903472586,11.6168
0.40000000000000013,45.25470636765919,46.65431635790895,52.28883222080552,10.625399999999999
0.401,44.928823220580504,46.302632565814136,52.01995049876246,9.62926
0.40200000000000014,44.61509037725943,45.9542488562214,51.748968724218095,8.62663
0.403,44.31530788269706,45.61081527038176,51.47543688592214,7.61569
0.40400000000000014,44.03112577814445,45.27383184579614,51.19890497262431,6.59467
0.405,43.76426910672767,44.945023625590636,50.918922973074324,5.56197
0.40600000000000014,43.5161629040726,44.62604065101627,50.63519087977199,4.5162
0.40700000000000003,43.28815720393009,44.318682967074174,50.347408685217125,3.4562500000000003
0.40800000000000014,43.0814520363009,44.02475061876546,50.05535138378459,2.3814
0.40900000000000003,42.89709742743568,43.74596864921622,49.75894397359933,1.29132
0.41000000000000014,42.7358433960849,43.48413710342758,49.45826145653641,0.18617899999999998
0.41100000000000003,42.59828995724893,43.24075601890047,49.1534538363459,-0.933338
0.41200000000000014,42.48473711842796,43.017325433135824,48.844821120528,-2.0660000000000003
0.41300000000000003,42.39533488337208,42.815345383634586,48.53288832220805,-3.21002
0.41400000000000015,42.32993324833121,42.635940898522456,48.21818045451136,-4.36303
0.41500000000000004,42.288232205805144,42.4801620040501,47.901522538063446,-5.522080000000001
0.41600000000000015,42.26970674266856,42.348758718967964,47.583814595364885,-6.68369
0.41700000000000004,42.27353183829595,42.2424060601515,47.26610665266631,-7.84384
0.41800000000000015,42.2987324683117,42.16140403510087,46.94959873996849,-8.99804
0.41900000000000004,42.34433360834021,42.10590264756618,46.63549088727218,-10.141300000000001
0.42000000000000015,42.408910222755566,42.07567689192229,46.3252831320783,-11.2684
0.42100000000000004,42.49118727968199,42.07050176254406,46.0203255081377,-12.3736
0.42200000000000015,42.58973974349358,42.089552238805965,45.722343058576456,-13.4511
0.42300000000000004,42.70291757293932,42.13207830195755,45.43283582089552,-14.4948
0.42399999999999993,42.82922073051826,42.19710492762319,45.15337883447086,-15.498600000000001
0.42500000000000004,42.96707417685442,42.283207080177,44.885622140553515,-16.4563
0.42599999999999993,43.114827870696764,42.389034725868136,44.63114077851946,-17.362000000000002
0.42700000000000005,43.27105677641941,42.513087827195676,44.391584789619735,-18.209699999999998
0.42799999999999994,43.43411085277131,42.65356633915847,44.16830420760519,-18.9939
0.42900000000000005,43.60264006600165,42.80882022050551,43.9627240681017,-19.7096
0.42999999999999994,43.7753693842346,42.97689942248556,43.77604440111002,-20.352
0.43100000000000005,43.95094877371933,43.15607890197254,43.60946523663091,-20.9171
0.43199999999999994,44.128328208205204,43.34440861021525,43.463736593414836,-21.4016
0.43300000000000005,44.30638265956648,43.5400135003375,43.33975849396234,-21.8027
0.43399999999999994,44.484437110927765,43.74124353108828,43.237905947648684,-22.1188
0.43500000000000005,44.66151653791344,43.94629865746643,43.158553963849094,-22.3489
0.43599999999999994,44.837020925523134,44.153603840096,43.10170254256356,-22.4932
0.43700000000000006,45.01035025875646,44.36150903772594,43.06712667816695,-22.5526
0.43799999999999994,45.18120453011325,44.56873921848046,43.05430135753394,-22.529300000000003
0.43900000000000006,45.34905872646816,44.77394434860871,43.06262656566414,-22.426099999999998
0.43999999999999995,45.51368784219605,44.97592439810995,43.091052276306904,-22.2469
0.44100000000000006,45.67486687167179,45.17370434260856,43.138378459461485,-21.996499999999997
0.44199999999999995,45.83244581114528,45.366459161479035,43.20333008325208,-21.6803
0.44300000000000006,45.98627465686642,45.55336383409585,43.284182104552606,-21.304499999999997
0.44399999999999995,46.13627840696017,45.73381834545863,43.3793594839871,-20.8758
0.44500000000000006,46.282307057676434,45.907297682442056,43.48706217655441,-20.401
0.44599999999999995,46.424210605265124,46.07350183754593,43.60541513537838,-19.8875
0.44700000000000006,46.561989049726236,46.23213080327008,43.732393309832744,-19.3425
0.44799999999999995,46.69549238730968,46.382959573989346,43.86627165679141,-18.7732
0.44900000000000007,46.82442061051526,46.52598814970374,44.00517512937823,-18.1867
0.44999999999999996,46.94877371934298,46.661216530413256,44.14737868446711,-17.5895
0.45100000000000007,47.06817670441761,46.7886447161179,44.29115727893197,-16.9879
0.45199999999999996,47.182554563864095,46.90842271056776,44.43516087902197,-16.3873
0.45300000000000007,47.2915322883072,47.020700517512935,44.57796444911122,-15.7928
0.45399999999999996,47.394809870246746,47.125703142578566,44.718442961074025,-15.2086
0.45500000000000007,47.49223730593265,47.22358058951473,44.855621390534765,-14.6382
0.45599999999999996,47.583439585989645,47.31463286582164,44.988824720618005,-14.0844
0.4570000000000001,47.66826670666766,47.399084977124424,45.1174529363234,-13.5492
0.45799999999999996,47.746343658591464,47.477086927173175,45.2409810245256,-13.033999999999999
0.4590000000000001,47.817595439886,47.54901372534313,45.35933398334958,-12.5395
0.45999999999999996,47.88179704492612,47.61501537538438,45.47243681092027,-12.065800000000001
0.4610000000000001,47.938873471836786,47.67524188104702,45.58028950723768,-11.6127
0.46199999999999997,47.98882472061801,47.729993249831246,45.68319207980199,-11.1791
0.4630000000000001,48.03165079126978,47.77941948548713,45.78129453236331,-10.764000000000001
0.46399999999999997,48.06735168379209,47.82359558988974,45.8750468761719,-10.3658
0.4650000000000001,48.09622740568514,47.86282157053926,45.96482412060301,-9.98302
0.46599999999999997,48.11835295882396,47.89709742743568,46.05107627690692,-9.61387
0.4670000000000001,48.134103352583814,47.92672316807919,46.134328358208954,-9.25665
0.46799999999999997,48.143778594464855,47.951698792469806,46.21480537013424,-8.90972
0.4690000000000001,48.14767869196729,47.972249306232655,46.29310732768319,-8.571579999999999
0.47,48.14625365634141,47.98844971124278,46.36938423460586,-8.24094
0.4710000000000001,48.139953498837464,48.00052501312532,46.44408610215255,-7.916760000000001
0.472,48.12922823070576,48.008475211880295,46.51736293407335,-7.598260000000001
0.4730000000000001,48.11452786319657,48.01260031500787,46.589214730368255,-7.28502
0.474,48.09630240756019,48.012975324383106,46.65986649666241,-6.97687
0.4750000000000001,48.07500187504687,48.009825245631134,46.729168229205726,-6.674
0.476,48.051151278781965,48.00330008250206,46.797119927998196,-6.37684
0.4770000000000001,48.0251256281407,47.99354983874596,46.86342158553963,-6.08613
0.478,47.99729993249831,47.98079951998799,46.927923198079945,-5.80277
0.4790000000000001,47.96812420310508,47.96527413185329,46.990249756243905,-5.52787
0.48,47.93789844746119,47.94712367809195,47.050251256281406,-5.262639999999999
0.4810000000000001,47.90684767119178,47.926573164329106,47.10747768694217,-5.0083400000000005
0.482,47.875421885547134,47.90377259431485,47.161554038850966,-4.76626
0.4830000000000001,47.843696092402304,47.87909697742443,47.21225530638266,-4.5376
0.484,47.81197029925748,47.85262131553288,47.259281482037046,-4.32351
0.4850000000000001,47.7803195079877,47.82457061426535,47.30225755643891,-4.12497
0.486,47.7489687242181,47.795244881122024,47.34110852771319,-3.9427999999999996
0.4870000000000001,47.71799294982374,47.76471911797795,47.3755343883597,-3.7776099999999997
0.488,47.687392184804615,47.73336833420835,47.405535138378454,-3.6298
0.4890000000000001,47.657391434785865,47.70134253356334,47.4308857721443,-3.49953
0.49,47.6278406960174,47.66879171979299,47.451811295282376,-3.38676
0.4910000000000001,47.59896497412435,47.63601590039751,47.4681617040426,-3.2912
0.492,47.57068926723168,47.60309007725193,47.480162004050094,-3.21234
0.4930000000000001,47.54308857721443,47.570314257856445,47.488037200930016,-3.14952
0.494,47.516162904072594,47.53791344783619,47.49186229655741,-3.10185
0.4950000000000001,47.48991224780619,47.50588764719117,47.49193729843246,-3.06833
0.496,47.464486612165295,47.47453686342158,47.488637215930396,-3.04783
0.4970000000000001,47.439810995274875,47.4440111002775,47.482187054676366,-3.03912
0.498,47.41611040276006,47.414460361509036,47.4729618240456,-3.0409
0.4990000000000001,47.393309832745814,47.386034650866264,47.461261531538284,-3.05185
0.5,47.37155928898222,47.35880897022425,47.44746118652966,-3.0706100000000003
0.5010000000000001,47.35100877521938,47.33293332333307,47.43193579839496,-3.09586
0.502,47.33165829145728,47.30855771394284,47.41498537463436,-3.1263099999999997
0.5030000000000001,47.31373284332108,47.28575714392859,47.396984924623105,-3.1607200000000004
0.504,47.297232430810766,47.26460661516538,47.37815945398635,-3.19794
0.5050000000000001,47.282232055801394,47.24525613140328,47.35888397209929,-3.2369
0.506,47.268956723918095,47.22770569264231,47.33930848271206,-3.27664
0.5070000000000001,47.257406435160874,47.21203030075751,47.319732993324834,-3.31631
0.508,47.24765619140478,47.19830495762393,47.30038250956274,-3.35517
0.5090000000000001,47.23978099452486,47.18652966324158,47.281332033300835,-3.3926
0.51,47.233780844521114,47.176779419485484,47.262731568289205,-3.4280999999999997
0.5110000000000001,47.22958073951848,47.169054226355655,47.244806120152994,-3.46125
0.512,47.22733068326708,47.163279081977045,47.227555688892224,-3.49175
0.5130000000000001,47.22680567014175,47.1595289882247,47.211055276381906,-3.51938
0.514,47.22808070201754,47.15765394134853,47.19530488262206,-3.5439800000000004
0.5150000000000001,47.23093077326933,47.15765394134853,47.180454511362775,-3.56545
0.516,47.235205880147,47.15945398634966,47.16635415885396,-3.58374
0.5170000000000001,47.24090602265056,47.162904072601805,47.15315382884572,-3.59882
0.518,47.247731193279826,47.16792919822995,47.14085352133803,-3.61068
0.5190000000000001,47.2555313882847,47.17445436135903,47.12937823445586,-3.61931
0.52,47.26408160204005,47.18225455636391,47.11880297007425,-3.6246899999999997
0.5210000000000001,47.27315682892072,47.19117977949448,47.109052726318154,-3.6268000000000002
0.522,47.28253206330158,47.201005025125625,47.10027750693767,-3.62558
0.5230000000000001,47.29190729768244,47.21158028950723,47.092327308182696,-3.62098
0.524,47.30105752643816,47.22275556888922,47.08535213380334,-3.61291
0.5250000000000001,47.30983274581864,47.234230855771386,47.07935198379959,-3.60128
0.526,47.31785794644866,47.24585614640365,47.0742518562964,-3.58597
0.5270000000000001,47.324908122703064,47.25733143328583,47.07020175504387,-3.5669
0.528,47.330908272706814,47.268506712667815,47.067201680042,-3.54394
0.5290000000000001,47.33548338708467,47.27908197704942,47.06525163129078,-3.51703
0.53,47.338633465836644,47.288907222680564,47.06435160879022,-3.4861099999999996
0.5310000000000001,47.33998349958749,47.29775744393609,47.06457661441536,-3.45116
0.532,47.33960849021225,47.30548263706592,47.06585164629115,-3.41219
0.5330000000000001,47.3372834320858,47.31170779269481,47.06817670441761,-3.36928
0.534,47.33300832520813,47.316507912697816,47.07147678691967,-3.3225700000000002
0.5350000000000001,47.32663316582914,47.31950798769969,47.07575189379734,-3.27225
0.536,47.31823295582389,47.32063301582539,47.08100202505062,-3.2185900000000003
0.5370000000000001,47.30780769519237,47.31988299707492,47.08700217505437,-3.16192
0.538,47.29528238205955,47.316957923948095,47.09375234380859,-3.1026499999999997
0.5390000000000001,47.28088202205055,47.31193279831996,47.10102752568813,-3.0412600000000003
0.54,47.26453161329032,47.304732618315455,47.10875271881797,-2.97829
0.5410000000000001,47.24638115952898,47.29528238205955,47.11685292132303,-2.91433
0.542,47.22658066451661,47.28365709142728,47.12495312382809,-2.85003
0.5430000000000001,47.20520513012825,47.269856746418654,47.133053326333155,-2.78608
0.544,47.182404560114,47.25388134703367,47.14092852321308,-2.72322
0.5450000000000002,47.15832895822395,47.23580589514737,47.14835370884272,-2.6621799999999998
0.546,47.1331283282082,47.2158553963849,47.155103877596936,-2.60371
0.5470000000000002,47.106877671941795,47.193954848871215,47.16102902572563,-2.54856
0.548,47.07987699692492,47.170329258231455,47.16597914947874,-2.49745
0.5490000000000002,47.05212630315757,47.1451286282157,47.16965424135603,-2.45105
0.55,47.02377559438986,47.118427960699016,47.17197929948248,-2.41002
0.5509999999999999,46.994974874371856,47.090452261306524,47.172804320108,-2.37492
0.552,46.965874146853665,47.06142653566339,47.17190429760744,-2.3462500000000004
0.5529999999999999,46.93639840996024,47.03135078376959,47.169279231980795,-2.32443
0.554,46.90684767119178,47.00045001125027,47.16477911947798,-2.30979
0.5549999999999999,46.877071926798166,46.96894922373059,47.15832895822395,-2.3025599999999997
0.556,46.847296182404556,46.93699842496062,47.14985374634365,-2.30285
0.5569999999999999,46.8174454361359,46.90467261681542,47.139503487587184,-2.3107
0.558,46.78759468986724,46.87204680117002,47.12712817820445,-2.32601
0.5589999999999999,46.757743943598584,46.83942098552463,47.1128028200705,-2.34862
0.56,46.72789319732993,46.8067201680042,47.096677416935414,-2.3782400000000004
0.5609999999999999,46.69796744918622,46.77416935423385,47.07875196879922,-2.41452
0.562,46.66804170104252,46.7417685442136,47.05925148128703,-2.45701
0.563,46.63804095102377,46.70951773794344,47.03810095252381,-2.50523
0.5640000000000001,46.60796519912997,46.67756693917348,47.0156753918848,-2.55859
0.565,46.577814445361135,46.6459161479037,46.99197479936998,-2.61652
0.5660000000000001,46.54751368784219,46.6145653641341,46.967149178729464,-2.67837
0.567,46.51713792844821,46.58351458786469,46.94149853746343,-2.74351
0.5680000000000001,46.486537163429084,46.552763819095475,46.91509787744693,-2.8113
0.569,46.45586139653491,46.52231305782644,46.88809720243006,-2.8811
0.5700000000000001,46.425035625890644,46.4920123003075,46.86072151803794,-2.95233
0.571,46.39413485337133,46.46201155028875,46.83304582614565,-3.02441
0.5720000000000001,46.36323408085202,46.43223580589515,46.805295132378305,-3.09684
0.573,46.3323333083327,46.40261006525162,46.77746943673591,-3.16914
0.5740000000000001,46.30150753768844,46.373134328358205,46.749793744843615,-3.24094
0.575,46.27090677266931,46.34380859521488,46.72219305482637,-3.3119099999999997
0.5760000000000001,46.24060601515038,46.3145578639466,46.69496737418435,-3.3818
0.577,46.21068026700667,46.28553213830345,46.66796669916747,-3.45044
0.5780000000000001,46.18135453386334,46.256731418285455,46.64126603165079,-3.5177300000000002
0.579,46.152778819470484,46.22808070201755,46.614940373509334,-3.58365
0.5800000000000001,46.12502812570314,46.19965499137478,46.588989724743115,-3.64824
0.581,46.09832745818645,46.171604290107254,46.563264081602036,-3.7116000000000002
0.5820000000000001,46.07275181879547,46.14400360009,46.53783844596115,-3.77391
0.583,46.04852621315532,46.11692792319808,46.51256281407035,-3.8353499999999996
0.5840000000000001,46.025875646891166,46.090452261306524,46.48751218780469,-3.8961699999999997
0.585,46.004875121878044,46.06472661816545,46.46253656341408,-3.95662
0.5860000000000001,45.98567464186605,46.03990099752493,46.43756093902348,-4.016970000000001
0.587,45.968424210605264,46.01612540313507,46.41251031275782,-4.07749
0.5880000000000001,45.953198829970745,45.99354983874596,46.38738468461711,-4.13842
0.589,45.940148503712585,45.972324308107694,46.362034050851264,-4.19998
0.5900000000000001,45.92927323183079,45.952598814970365,46.33653341333533,-4.26235
0.591,45.92072301807544,45.93452336308407,46.3107327683192,-4.32564
0.5920000000000001,45.91442286057151,45.9182479561989,46.28470711767794,-4.38994
0.593,45.91044776119402,45.9038475961899,46.25838145953649,-4.455229999999999
0.5940000000000001,45.908797719942996,45.89154728868221,46.23183079576989,-4.52143
0.595,45.90932273306832,45.88134703367584,46.205055126378156,-4.5884
0.5960000000000001,45.91194779869496,45.87339683492087,46.17812945323633,-4.6559
0.597,45.91667291682291,45.867696692417304,46.15112877821945,-4.7236199999999995
0.5980000000000001,45.92327308182704,45.864246606165146,46.12420310507762,-4.79116
0.599,45.93159828995725,45.863196579914494,46.09742743568589,-4.85806
0.6000000000000001,45.941423535588385,45.8643216080402,46.070876771919295,-4.9238
0.601,45.95267381684542,45.86777169429235,46.04485112127803,-4.9878
0.6020000000000001,45.9651241281032,45.873246831170775,46.01935048376209,-5.04941
0.603,45.9783994599865,45.88082202055051,45.99467486687167,-5.10798
0.6040000000000001,45.99249981249531,45.890347258681466,45.970974274356855,-5.1628300000000005
0.605,46.006975174379356,45.901522538063446,45.94839870996775,-5.21326
0.6060000000000001,46.02175054376359,45.91427285682142,45.92717317932948,-5.25859
0.607,46.03660091502287,45.92829820745518,45.9073726843171,-5.29817
0.6080000000000001,46.051151278781965,45.9435235880897,45.889297232430806,-5.33137
0.609,46.065326633165824,45.95957398934973,45.873021825545635,-5.3576299999999994
0.6100000000000001,46.07890197254931,45.976299407485186,45.85869646741168,-5.37645
0.611,46.09172729318232,45.99339983499587,45.84639615990399,-5.38742
0.6120000000000001,46.103502587564684,46.01057526438161,45.83627090677267,-5.390210000000001
0.613,46.11430285757144,46.02767569189229,45.8283207080177,-5.38462
0.6140000000000001,46.123828095702386,46.04440111002775,45.82262056551413,-5.37052
0.615,46.13207830195754,46.06052651316283,45.81917047926198,-5.34794
0.6160000000000001,46.13890347258681,46.07575189379734,45.817970449261225,-5.31701
0.617,46.144378609465235,46.09000225005625,45.81887047176179,-5.27798
0.6180000000000001,46.148278706967666,46.10297757443936,45.821795544888616,-5.23123
0.619,46.150828770719265,46.114602865071625,45.82667066676666,-5.177239999999999
0.6200000000000001,46.151878796969925,46.124653116327906,45.833345833645836,-5.11662
0.621,46.151503787594685,46.1331283282082,45.841596039901,-5.05007
0.6220000000000001,46.149703742593566,46.13980349508737,45.85127128178204,-4.97837
0.623,46.146628665716634,46.14467861696542,45.86214655366384,-4.90239
0.6240000000000001,46.142278556963916,46.14775369384234,45.873921848046194,-4.82303
0.625,46.13672841821045,46.14895372384309,45.886372159303974,-4.7412600000000005
0.6260000000000001,46.13005325133128,46.148278706967666,45.89927248181204,-4.65806
0.627,46.12232805820145,46.14580364509112,45.91232280807019,-4.57442
0.6280000000000001,46.11362784069601,46.14152853821345,45.92529813245331,-4.49131
0.629,46.10402760069002,46.135603390084746,45.937973449336226,-4.40967
0.6300000000000001,46.093602340058496,46.12802820070501,45.95004875121878,-4.3304
0.631,46.08235205880146,46.11895297382434,45.961374034350854,-4.2543299999999995
0.6320000000000001,46.07042676066901,46.10845271131778,45.971649291232275,-4.18222
0.633,46.05782644566114,46.096677416935414,45.980799519988,-4.11473
0.6340000000000001,46.04462611565289,46.08370209255231,45.98859971499287,-4.05242
0.635,46.03075076876921,46.069601740043495,45.9950498762469,-3.9957700000000003
0.6360000000000001,46.01635040876021,46.05452636315907,45.9998499962499,-3.9451100000000006
0.637,46.00135003375084,46.03862596564914,46.00307507687692,-3.90069
0.6380000000000001,45.985824645616134,46.02190054751369,46.00472511812795,-3.86263
0.639,45.96969924248106,46.00457511437786,46.004650116252904,-3.83095
0.6400000000000001,45.95304882622065,45.98664966624165,46.002925073126825,-3.8055600000000003
0.641,45.935873396834914,45.96819920498012,45.99962499062476,-3.78628
0.6420000000000001,45.91809795244881,45.949373734343354,45.99482487062176,-3.77284
0.643,45.899872496812414,45.93017325433135,45.98852471311782,-3.76491
0.6440000000000001,45.8811220280507,45.91067276681917,45.98087452186304,-3.7620799999999996
0.645,45.861846546163655,45.89087227180679,45.97202430060751,-3.7639
0.6460000000000001,45.842121053026325,45.870846771169276,45.96204905122627,-3.7698899999999997
0.647,45.822020550513756,45.85067126678167,45.95109877746943,-3.77955
0.6480000000000001,45.80154503862596,45.830345758643965,45.93932348308707,-3.79236
0.649,45.78076951923798,45.809945248631216,45.926798169954246,-3.80783
0.6500000000000001,45.75969399234981,45.78939473486837,45.91374784369609,-3.82548
0.651,45.73854346358658,45.76884422110552,45.90009750243755,-3.84486
0.6520000000000001,45.71724293107327,45.74821870546763,45.886147153678834,-3.8655700000000004
0.653,45.696017400435004,45.72759318982974,45.871971799294975,-3.88725
0.6540000000000001,45.67486687167179,45.7070426760669,45.85749643741093,-3.9095999999999997
0.655,45.653941348533706,45.6865671641791,45.84294607365184,-3.93238
0.6560000000000001,45.63324083102077,45.6662416560414,45.8283207080177,-3.95541
0.657,45.61291532288307,45.646066151653784,45.813695342383554,-3.97856
0.6580000000000001,45.59311482787069,45.626115652891315,45.79899497487437,-4.00178
0.659,45.57383934598364,45.60646516162904,45.78421960549013,-4.02503
0.6600000000000001,45.55508887722193,45.58718967974199,45.769519237980944,-4.048369999999999
0.661,45.53701342533563,45.568214205355126,45.754668866721666,-4.07184
0.6620000000000001,45.51961299032475,45.54968874221856,45.73981849546238,-4.09556
0.663,45.502812570314255,45.5316882922073,45.724893122328055,-4.1196399999999995
0.6640000000000001,45.486762169054224,45.51413785344633,45.70981774544363,-4.14421
0.665,45.47123678091952,45.49711242781069,45.69459236480912,-4.169390000000001
0.6660000000000001,45.45638640966023,45.48068701717542,45.67914197854946,-4.19529
0.667,45.441986049651234,45.46478661966548,45.66346658666467,-4.2220200000000006
0.6680000000000001,45.42796069901747,45.449411235280884,45.64764119102977,-4.249630000000001
0.669,45.41423535588389,45.4345608640216,45.63151578789469,-4.27816
0.6700000000000002,45.40066001650041,45.42016050401259,45.615165379134474,-4.3076099999999995
0.671,45.387084677116924,45.40621015525388,45.59858996474912,-4.33793
0.6720000000000002,45.37343433585839,45.39255981399534,45.58178954473861,-4.36903
0.673,45.35940898522463,45.379209480237,45.56483912097802,-4.40078
0.6740000000000002,45.34500862521563,45.36593414835371,45.54773869346733,-4.4330099999999995
0.675,45.32993324833121,45.3528088202205,45.53063826595665,-4.46551
0.6760000000000002,45.31410785269631,45.3395334883372,45.51338783469586,-4.49805
0.677,45.29738243456086,45.325958148953724,45.49628740718518,-4.53038
0.6780000000000002,45.27960699017475,45.312082802070044,45.479261981549534,-4.56224
0.679,45.26063151578789,45.29775744393609,45.46238655966399,-4.59336
0.6799999999999999,45.24038100952523,45.282682067051674,45.445811145278626,-4.62348
0.681,45.21885547138678,45.26685667141678,45.42946073651841,-4.65239
0.6819999999999999,45.19597989949748,45.25005625140628,45.41356033900847,-4.67988
0.683,45.171679291982294,45.23220580514513,45.39795994899872,-4.70579
0.6839999999999999,45.14610365259131,45.213230330758265,45.38288457211429,-4.73004
0.685,45.11910297757443,45.19297982449561,45.36818420460511,-4.75258
0.6859999999999999,45.09090227255681,45.171454286357154,45.3539338483462,-4.77343
0.687,45.06150153753843,45.148503712592806,45.34005850146253,-4.79271
0.688,45.03112577814445,45.12427810695267,45.3265581639541,-4.81058
0.6890000000000001,44.9998499962499,45.09862746568664,45.3132828320708,-4.8273
0.69,44.96789919747993,45.07162679066976,45.30030750768769,-4.8431999999999995
0.6910000000000001,44.93534838370959,45.04327608190204,45.287407185179624,-4.85866
0.692,44.90242256056401,45.01380034500862,45.27450686267156,-4.87413
0.6930000000000001,44.86942173554338,44.983199579989495,45.261456536413405,-4.89013
0.694,44.83642091052276,44.951698792469806,45.248181204530106,-4.90719
0.6950000000000001,44.803720093002326,44.91929798244956,45.23438085952149,-4.92587
0.696,44.77146928673216,44.88629715742893,45.220130503262574,-4.94675
0.6970000000000001,44.73974349358733,44.85277131928298,45.205055126378156,-4.9704
0.698,44.70891772294307,44.819020475511884,45.18915472886822,-4.9973600000000005
0.6990000000000001,44.67891697292432,44.78519462986574,45.17227930698267,-5.02815
0.7,44.65004125103127,44.75144378609465,45.15427885697142,-5.063219999999999
0.7010000000000001,44.62229055726392,44.71799294982374,45.13500337508437,-5.10295
0.702,44.59581489537238,44.68506712667816,45.114452861321524,-5.14765
0.7030000000000001,44.57061426535663,44.652891322283054,45.092552313807836,-5.197509999999999
0.704,44.546763669091725,44.62146553663841,45.06930173254331,-5.252649999999999
0.7050000000000001,44.52418810470261,44.59108977724443,45.04462611565289,-5.31307
0.706,44.5028875721893,44.56191404785119,45.01852546313657,-5.37864
0.7070000000000001,44.48293707342683,44.53386334658366,44.99122478061951,-5.44914
0.708,44.46411160279006,44.50723768094202,44.9625740643516,-5.52423
0.7090000000000001,44.44648616215405,44.48196204905122,44.932873321833036,-5.603470000000001
0.71,44.42983574589364,44.45818645466136,44.90219755493887,-5.68631
0.7110000000000001,44.414235355883896,44.43583589589739,44.87077176929423,-5.772139999999999
0.712,44.39938498462462,44.41498537463436,44.83859596489912,-5.860239999999999
0.7130000000000001,44.38543463586589,44.39555988899722,44.80604515112877,-5.94987
0.714,44.37208430210755,44.37748443711093,44.77326933173329,-6.04024
0.7150000000000001,44.35933398334958,44.36083402085052,44.74041851046275,-6.13051
0.716,44.34710867771694,44.34538363459086,44.70779269481737,-6.2198899999999995
0.7170000000000001,44.33525838145953,44.331133278331954,44.67554188854721,-6.30755
0.718,44.323858096452405,44.31800795019875,44.64396609915248,-6.39273
0.7190000000000001,44.31275781894547,44.30593264831621,44.61314032850821,-6.47471
0.72,44.30195754893872,44.294757368934214,44.58328958223955,-6.55283
0.7210000000000001,44.29138228455711,44.284332108302706,44.5545638640966,-6.626530000000001
0.722,44.28110702767569,44.2747318682967,44.527038175954395,-6.69531
0.7230000000000001,44.27098177454436,44.26565664141603,44.50093752343808,-6.758800000000001
0.724,44.26115652891322,44.25725643141078,44.47626190654766,-6.816739999999999
0.7250000000000001,44.25148128703217,44.249231230780765,44.453086327158175,-6.86896
0.726,44.241956048901216,44.24165604140103,44.43133578339458,-6.9154
0.7270000000000001,44.23265581639541,44.23438085952149,44.411085277131924,-6.9561399999999995
0.728,44.223505587639686,44.22733068326708,44.39233480837021,-6.99133
0.7290000000000001,44.21443036075901,44.220505512637814,44.37493437335933,-7.02123
0.73,44.20535513387834,44.21383034575864,44.3588839720993,-7.04617
0.7310000000000001,44.19627990699767,44.20715517887947,44.34403360084002,-7.06656
0.732,44.18697967449186,44.2004800120003,44.330233255831395,-7.0828500000000005
0.7330000000000001,44.177454436360904,44.19372984324608,44.317407935198375,-7.09555
0.734,44.167479186979676,44.18675466886672,44.305407635190875,-7.10516
0.7350000000000001,44.15697892447311,44.17947948698717,44.294082352058794,-7.11221
0.736,44.145728643216074,44.171829295732394,44.28335708392709,-7.11721
0.7370000000000001,44.133428335708395,44.16365409135228,44.27308182704567,-7.12066
0.738,44.120003000075,44.154878871971796,44.26310657766444,-7.12301
0.7390000000000001,44.10522763069076,44.14520363009075,44.253281332033296,-7.12467
0.74,44.08880222005549,44.13462836570914,44.24360609015225,-7.126
0.7410000000000001,44.07050176254406,44.12285307132677,44.2339308482712,-7.1272899999999995
0.742,44.05017625440636,44.109727743193574,44.22425560639016,-7.1288
0.7430000000000001,44.02767569189229,44.095102377559435,44.214505362634064,-7.13071
0.744,44.002700067501685,44.07875196879922,44.20453011325283,-7.13316
0.7450000000000001,43.975249381234526,44.06052651316283,44.19447986199654,-7.13624
0.746,43.94517362934073,44.040201005025125,44.18420460511512,-7.14002
0.7470000000000001,43.91239780994525,44.01755043876096,44.173779344483606,-7.14452
0.748,43.87692192304807,43.99249981249531,44.163054076351905,-7.149789999999999
0.7490000000000001,43.83882097052426,43.964974124353105,44.15217880447011,-7.15585
0.75,43.798244956123895,43.93474836870921,44.14107852696317,-7.16275
0.7510000000000001,43.75526888172204,43.90189754743868,44.12967824195605,-7.17059
0.752,43.710267756693916,43.86634665866646,44.11805295132378,-7.17948
0.7530000000000001,43.663391584789615,43.82802070051751,44.106052651316276,-7.189620000000001
0.754,43.61501537538438,43.78721968049201,44.093602340058496,-7.20125
0.7550000000000001,43.565664141603534,43.743943598589965,44.080702017550436,-7.2147
0.756,43.51563789094727,43.69834245856146,44.06712667816695,-7.23036
0.7570000000000001,43.46546163654091,43.650716267906695,44.05295132378309,-7.24869
0.758,43.41566039150978,43.601440036000895,44.037800945023626,-7.270239999999999
0.7590000000000001,43.36675916897922,43.55073876846921,44.02175054376359,-7.2956
0.76,43.3193579839496,43.4990624765619,44.00442511062776,-7.32541
0.7610000000000001,43.273906847671185,43.446861171529285,43.985824645616134,-7.36033
0.762,43.23108077701942,43.39465986649666,43.965649141228525,-7.40105
0.7630000000000001,43.19125478136953,43.342908572714315,43.943748593714844,-7.44824
0.764,43.15495387384684,43.29220730518262,43.92004800120002,-7.50253
0.7650000000000001,43.12262806570164,43.243006075151875,43.894247356183904,-7.5645
0.766,43.094652366309155,43.19590489762244,43.86634665866646,-7.634640000000001
0.7670000000000001,43.07140178504462,43.15150378759469,43.83619590489762,-7.71331
0.768,43.05295132378309,43.11025275631891,43.803795094877366,-7.80076
0.7690000000000001,43.03960099002475,43.07267681692042,43.76899422485562,-7.89706
0.77,43.03135078376959,43.03922598064951,43.73186829670742,-8.00211
0.7710000000000001,43.02827570689267,43.01027525688142,43.692567314182845,-8.11561
0.772,43.03030075751893,42.986199654991374,43.65109127728193,-8.237070000000001
0.7730000000000001,43.037200930023246,42.96729918247956,43.60774019350484,-8.36577
0.774,43.04882622065551,42.95379884497112,43.56266406660166,-8.50078
0.7750000000000001,43.0648016200405,42.945698642466056,43.5161629040726,-8.64095
0.776,43.084827120678014,42.94322358058951,43.46868671716793,-8.78496
0.7770000000000001,43.108377709442735,42.94622365559139,43.42053551338783,-8.931289999999999
0.778,43.13515337883447,42.95454886372159,43.3721593039826,-9.07825
0.7790000000000001,43.164554113852844,42.96812420310507,43.324008100202505,-9.22402
0.78,43.19612990324758,42.9865746643666,43.276681917047924,-9.36669
0.7810000000000001,43.22935573389335,43.00967524188104,43.230555763894095,-9.504249999999999
0.782,43.26378159453986,43.03690092252306,43.18630465761643,-9.634699999999999
0.7830000000000001,43.29880747018675,43.067876696917416,43.14430360759019,-9.75601
0.784,43.33398334958374,43.102002550063744,43.10522763069076,-9.86625
0.7850000000000001,43.36900922523063,43.13890347258681,43.0694517362934,-9.96353
0.786,43.40343508587714,43.17797944948623,43.03750093752343,-10.0462
0.7870000000000001,43.437035925898144,43.21863046576164,43.00967524188104,-10.1126
0.788,43.46936173404335,43.260406510162746,42.986424660616514,-10.161499999999998
0.7890000000000001,43.50041251031275,43.30270756768919,42.96804920123003,-10.191799999999999
0.79,43.52996324908123,43.34508362709067,42.95469886747168,-10.2028
0.7910000000000001,43.55801395034876,43.38700967524188,42.946598664966615,-10.193999999999999
0.792,43.58456461411535,43.42811070276757,42.9436735918398,-10.1653
0.7930000000000001,43.60961524038101,43.46801170029251,42.945923648091195,-10.1168
0.794,43.63324083102077,43.506412660316506,42.953198829970745,-10.0492
0.7950000000000002,43.65574139353483,43.54308857721443,42.965424135603385,-9.96323
0.796,43.677116927923194,43.577889447236174,42.98214955373884,-9.86016
0.7970000000000002,43.69774244356109,43.61059026475662,43.00300007500187,-9.74145
0.798,43.71769294232355,43.64119102977574,43.02767569189229,-9.608830000000001
0.7990000000000002,43.737343433585835,43.6697667441686,43.05557638940974,-9.46425
0.8,43.75669391734793,43.69624240606015,43.08617715442886,-9.309809999999999
0.8010000000000002,43.776119402985074,43.72076801920048,43.118877971949296,-9.14776
0.802,43.79576989424735,43.74349358733968,43.15307882697067,-8.980360000000001
0.8030000000000002,43.81564539113477,43.7646441161029,43.188329708242705,-8.80991
0.804,43.835895897397435,43.78429460736518,43.22380559513987,-8.63865
0.8050000000000002,43.85659641491036,43.802670066751666,43.259206480162,-8.46869
0.806,43.87774694367359,43.82007050176254,43.29378234455861,-8.302
0.8070000000000002,43.89912247806195,43.83657091427285,43.327233180829516,-8.14034
0.808,43.920798019950496,43.85247131178279,43.35903397584939,-7.985220000000001
0.8089999999999999,43.942398559964,43.8678466961674,43.388959723993096,-7.83788
0.81,43.963924098102446,43.88277206930173,43.41671041776044,-7.69926
0.8109999999999999,43.984924623115575,43.89747243681092,43.44206105152629,-7.56999
0.812,44.00517512937823,43.91194779869496,43.46501162529063,-7.45039
0.813,44.02445061126527,43.92619815495387,43.485487137178424,-7.34046
0.8140000000000001,44.042376059401484,43.94022350558764,43.50356258906472,-7.23992
0.815,44.0587264681617,43.953873846846164,43.519312982824566,-7.148199999999999
0.8160000000000001,44.073051826295654,43.967149178729464,43.533038325958145,-7.064509999999999
0.817,44.08520213005325,43.97989949748744,43.54488862221555,-6.987839999999999
0.8180000000000001,44.09495237380934,43.99197479936998,43.55523888097202,-6.917009999999999
0.819,44.1020775519388,44.00307507687692,43.564389109727735,-6.85076
0.8200000000000001,44.10650266256656,44.013200330008246,43.572714317857944,-6.78772
0.821,44.10815270381759,44.022050551263774,43.58043951098777,-6.72653
0.8220000000000001,44.10695267381684,44.02940073501837,43.588089702242556,-6.66587
0.823,44.10312757818945,44.03517587939698,43.59588989724743,-6.604480000000001
0.8240000000000001,44.09667741693542,44.03922598064951,43.60414010350258,-6.54123
0.825,44.08797719942998,44.04140103502587,43.61314032850821,-6.47519
0.8260000000000001,44.077101927548185,44.04162604065101,43.6230405760144,-6.4056
0.827,44.06450161254031,44.03990099752494,43.63391584789619,-6.33193
0.8280000000000001,44.05055126378159,44.03622590564764,43.64599114977874,-6.2539299999999995
0.829,44.03562589064727,44.03075076876922,43.65919147978699,-6.17158
0.8300000000000001,44.020250506262656,44.02347558688967,43.67351683792094,-6.08513
0.831,44.004800120003,44.01462536563414,43.68874221855546,-5.995089999999999
0.8320000000000001,43.98972474311857,44.00442511062776,43.70479261981549,-5.90219
0.833,43.975474386859666,43.99317482937073,43.72136803420085,-5.80738
0.8340000000000001,43.96249906247656,43.98109952748818,43.738243456086394,-5.71178
0.835,43.95109877746943,43.96857421435536,43.75496887422185,-5.61663
0.8360000000000001,43.941648541213524,43.95589889747244,43.77139428485712,-5.523280000000001
0.837,43.934298357458935,43.94344858621465,43.78699467486687,-5.43309
0.8380000000000001,43.929198229955745,43.931523288082204,43.80147003675091,-5.34741
0.839,43.92649816245406,43.92049801245031,43.81459536488412,-5.267519999999999
0.8400000000000001,43.92604815120377,43.91067276681916,43.8259206480162,-5.19457
0.841,43.92777319432986,43.902197554938866,43.83522088052201,-5.129569999999999
0.8420000000000001,43.931523288082204,43.8953723843096,43.842346058651465,-5.07329
0.843,43.93684842121053,43.89034725868146,43.847071176779416,-5.0263
0.8440000000000001,43.94344858621465,43.88712217805445,43.84932123303082,-4.988860000000001
0.845,43.950798769969246,43.885697142428555,43.84917122928073,-4.96098
0.8460000000000001,43.958298957473936,43.88607215180379,43.84662116552913,-4.94239
0.847,43.96534913372834,43.888022200555014,43.841746043651085,-4.93251
0.8480000000000001,43.971424285607135,43.89139728493212,43.834845871146776,-4.9305200000000005
0.849,43.97562439060977,43.895747393684836,43.82622065551639,-4.93532
0.8500000000000001,43.97749943748594,43.90077251931298,43.81609540238505,-4.94562
0.851,43.97622440561014,43.90594764869121,43.80492012300307,-4.95995
0.8520000000000001,43.97112427810695,43.910747768694215,43.793069826745665,-4.9766900000000005
0.853,43.96174904372609,43.91472286807169,43.78091952298807,-4.9941699999999996
0.8540000000000001,43.94749868746719,43.917197929948244,43.76906922673066,-5.01067
0.855,43.9278481962049,43.91757293932348,43.75781894547363,-5.02452
0.8560000000000001,43.90249756243906,43.91517287932198,43.747618690467256,-5.03414
0.857,43.87122178054451,43.90954773869346,43.73891847296182,-5.038080000000001
